sample,audio_in,audio_out,env_gain
1,927,0,4096
2,1763,927,4096
3,2427,1763,4096
4,2853,2427,4096
5,3000,2853,4096
6,2853,3000,4096
7,2427,2853,4096
8,1763,2427,4096
9,927,1763,4096
10,0,927,4096
11,-927,0,4096
12,-1763,-927,4096
13,-2427,-1763,4096
14,-2853,-2427,4096
15,-3000,-2853,4096
16,-2853,-3000,4096
17,-2427,-2853,4096
18,-1763,-2427,4096
19,-927,-1763,4096
20,0,-927,4096
21,927,0,4096
22,1763,927,4096
23,2427,1763,4096
24,2853,2427,4096
25,3000,2853,4096
26,2853,3000,4096
27,2427,2853,4096
28,1763,2427,4096
29,927,1763,4096
30,0,927,4096
31,-927,0,4096
32,-1763,-927,4096
33,-2427,-1763,4096
34,-2853,-2427,4096
35,-3000,-2853,4096
36,-2853,-3000,4096
37,-2427,-2853,4096
38,-1763,-2427,4096
39,-927,-1763,4096
40,0,-927,4096
41,927,0,4096
42,1763,927,4096
43,2427,1763,4096
44,2853,2427,4096
45,3000,2853,4096
46,2853,3000,4096
47,2427,2853,4096
48,1763,2427,4096
49,927,1763,4096
50,0,927,4096
51,-927,0,4096
52,-1763,-927,4096
53,-2427,-1763,4096
54,-2853,-2427,4096
55,-3000,-2853,4096
56,-2853,-3000,4096
57,-2427,-2853,4096
58,-1763,-2427,4096
59,-927,-1763,4096
60,0,-927,4096
61,927,0,4096
62,1763,927,4096
63,2427,1763,4096
64,2853,2427,4096
65,3000,2853,4096
66,2853,3000,4096
67,2427,2853,4096
68,1763,2427,4096
69,927,1763,4096
70,0,927,4096
71,-927,0,4096
72,-1763,-927,4096
73,-2427,-1763,4096
74,-2853,-2427,4096
75,-3000,-2853,4096
76,-2853,-3000,4096
77,-2427,-2853,4096
78,-1763,-2427,4096
79,-927,-1763,4096
80,0,-927,4096
81,927,0,4096
82,1763,927,4096
83,2427,1763,4096
84,2853,2427,4096
85,3000,2853,4096
86,2853,3000,4096
87,2427,2853,4096
88,1763,2427,4096
89,927,1763,4096
90,0,927,4096
91,-927,0,4096
92,-1763,-927,4096
93,-2427,-1763,4096
94,-2853,-2427,4096
95,-3000,-2853,4096
96,-2853,-3000,4096
97,-2427,-2853,4096
98,-1763,-2427,4096
99,-927,-1763,4096
100,0,-927,4096
101,927,0,4096
102,1763,927,4096
103,2427,1763,4096
104,2853,2427,4096
105,3000,2853,4096
106,2853,3000,4096
107,2427,2853,4096
108,1763,2427,4096
109,927,1763,4096
110,0,927,4096
111,-927,0,4096
112,-1763,-927,4096
113,-2427,-1763,4096
114,-2853,-2427,4096
115,-3000,-2853,4096
116,-2853,-3000,4096
117,-2427,-2853,4096
118,-1763,-2427,4096
119,-927,-1763,4096
120,0,-927,4096
121,927,0,4096
122,1763,927,4096
123,2427,1763,4096
124,2853,2427,4096
125,3000,2853,4096
126,2853,3000,4096
127,2427,2853,4096
128,1763,2427,4096
129,927,1763,4096
130,0,927,4096
131,-927,0,4096
132,-1763,-927,4096
133,-2427,-1763,4096
134,-2853,-2427,4096
135,-3000,-2853,4096
136,-2853,-3000,4096
137,-2427,-2853,4096
138,-1763,-2427,4096
139,-927,-1763,4096
140,0,-927,4096
141,927,0,4096
142,1763,927,4096
143,2427,1763,4096
144,2853,2427,4096
145,3000,2853,4096
146,2853,3000,4096
147,2427,2853,4096
148,1763,2427,4096
149,927,1763,4096
150,0,927,4096
151,-927,0,4096
152,-1763,-927,4096
153,-2427,-1763,4096
154,-2853,-2427,4096
155,-3000,-2853,4096
156,-2853,-3000,4096
157,-2427,-2853,4096
158,-1763,-2427,4096
159,-927,-1763,4096
160,0,-927,4096
161,927,0,4096
162,1763,927,4096
163,2427,1763,4096
164,2853,2427,4096
165,3000,2853,4096
166,2853,3000,4096
167,2427,2853,4096
168,1763,2427,4096
169,927,1763,4096
170,0,927,4096
171,-927,0,4096
172,-1763,-927,4096
173,-2427,-1763,4096
174,-2853,-2427,4096
175,-3000,-2853,4096
176,-2853,-3000,4096
177,-2427,-2853,4096
178,-1763,-2427,4096
179,-927,-1763,4096
180,0,-927,4096
181,927,0,4096
182,1763,927,4096
183,2427,1763,4096
184,2853,2427,4096
185,3000,2853,4096
186,2853,3000,4096
187,2427,2853,4096
188,1763,2427,4096
189,927,1763,4096
190,0,927,4096
191,-927,0,4096
192,-1763,-927,4096
193,-2427,-1763,4096
194,-2853,-2427,4096
195,-3000,-2853,4096
196,-2853,-3000,4096
197,-2427,-2853,4096
198,-1763,-2427,4096
199,-927,-1763,4096
200,0,-927,4096
201,927,0,4096
202,1763,927,4096
203,2427,1763,4096
204,2853,2427,4096
205,3000,2853,4096
206,2853,3000,4096
207,2427,2853,4096
208,1763,2427,4096
209,927,1763,4096
210,0,927,4096
211,-927,0,4096
212,-1763,-927,4096
213,-2427,-1763,4096
214,-2853,-2427,4096
215,-3000,-2853,4096
216,-2853,-3000,4096
217,-2427,-2853,4096
218,-1763,-2427,4096
219,-927,-1763,4096
220,0,-927,4096
221,927,0,4096
222,1763,927,4096
223,2427,1763,4096
224,2853,2427,4096
225,3000,2853,4096
226,2853,3000,4096
227,2427,2853,4096
228,1763,2427,4096
229,927,1763,4096
230,0,927,4096
231,-927,0,4096
232,-1763,-927,4096
233,-2427,-1763,4096
234,-2853,-2427,4096
235,-3000,-2853,4096
236,-2853,-3000,4096
237,-2427,-2853,4096
238,-1763,-2427,4096
239,-927,-1763,4096
240,0,-927,4096
241,927,0,4096
242,1763,927,4096
243,2427,1763,4096
244,2853,2427,4096
245,3000,2853,4096
246,2853,3000,4096
247,2427,2853,4096
248,1763,2427,4096
249,927,1763,4096
250,0,927,4096
251,-927,0,4096
252,-1763,-927,4096
253,-2427,-1763,4096
254,-2853,-2427,4096
255,-3000,-2853,4096
256,-2853,-3000,4096
257,-2427,-2853,4096
258,-1763,-2427,4096
259,-927,-1763,4096
260,0,-927,4096
261,927,0,4096
262,1763,927,4096
263,2427,1763,4096
264,2853,2427,4096
265,3000,2853,4096
266,2853,3000,4096
267,2427,2853,4096
268,1763,2427,4096
269,927,1763,4096
270,0,927,4096
271,-927,0,4096
272,-1763,-927,4096
273,-2427,-1763,4096
274,-2853,-2427,4096
275,-3000,-2853,4096
276,-2853,-3000,4096
277,-2427,-2853,4096
278,-1763,-2427,4096
279,-927,-1763,4096
280,0,-927,4096
281,927,0,4096
282,1763,927,4096
283,2427,1763,4096
284,2853,2427,4096
285,3000,2853,4096
286,2853,3000,4096
287,2427,2853,4096
288,1763,2427,4096
289,927,1763,4096
290,0,927,4096
291,-927,0,4096
292,-1763,-927,4096
293,-2427,-1763,4096
294,-2853,-2427,4096
295,-3000,-2853,4096
296,-2853,-3000,4096
297,-2427,-2853,4096
298,-1763,-2427,4096
299,-927,-1763,4096
300,0,-927,4096
301,927,0,4096
302,1763,927,4096
303,2427,1763,4096
304,2853,2427,4096
305,3000,2853,4096
306,2853,3000,4096
307,2427,2853,4096
308,1763,2427,4096
309,927,1763,4096
310,0,927,4096
311,-927,0,4096
312,-1763,-927,4096
313,-2427,-1763,4096
314,-2853,-2427,4096
315,-3000,-2853,4096
316,-2853,-3000,4096
317,-2427,-2853,4096
318,-1763,-2427,4096
319,-927,-1763,4096
320,0,-927,4096
321,927,0,4096
322,1763,927,4096
323,2427,1763,4096
324,2853,2427,4096
325,3000,2853,4096
326,2853,3000,4096
327,2427,2853,4096
328,1763,2427,4096
329,927,1763,4096
330,0,927,4096
331,-927,0,4096
332,-1763,-927,4096
333,-2427,-1763,4096
334,-2853,-2427,4096
335,-3000,-2853,4096
336,-2853,-3000,4096
337,-2427,-2853,4096
338,-1763,-2427,4096
339,-927,-1763,4096
340,0,-927,4096
341,927,0,4096
342,1763,927,4096
343,2427,1763,4096
344,2853,2427,4096
345,3000,2853,4096
346,2853,3000,4096
347,2427,2853,4096
348,1763,2427,4096
349,927,1763,4096
350,0,927,4096
351,-927,0,4096
352,-1763,-927,4096
353,-2427,-1763,4096
354,-2853,-2427,4096
355,-3000,-2853,4096
356,-2853,-3000,4096
357,-2427,-2853,4096
358,-1763,-2427,4096
359,-927,-1763,4096
360,0,-927,4096
361,927,0,4096
362,1763,927,4096
363,2427,1763,4096
364,2853,2427,4096
365,3000,2853,4096
366,2853,3000,4096
367,2427,2853,4096
368,1763,2427,4096
369,927,1763,4096
370,0,927,4096
371,-927,0,4096
372,-1763,-927,4096
373,-2427,-1763,4096
374,-2853,-2427,4096
375,-3000,-2853,4096
376,-2853,-3000,4096
377,-2427,-2853,4096
378,-1763,-2427,4096
379,-927,-1763,4096
380,0,-927,4096
381,927,0,4096
382,1763,927,4096
383,2427,1763,4096
384,2853,2427,4096
385,3000,2853,4096
386,2853,3000,4096
387,2427,2853,4096
388,1763,2427,4096
389,927,1763,4096
390,0,927,4096
391,-927,0,4096
392,-1763,-927,4096
393,-2427,-1763,4096
394,-2853,-2427,4096
395,-3000,-2853,4096
396,-2853,-3000,4096
397,-2427,-2853,4096
398,-1763,-2427,4096
399,-927,-1763,4096
400,0,-927,4096
401,927,0,4096
402,1763,927,4096
403,2427,1763,4096
404,2853,2427,4096
405,3000,2853,4096
406,2853,3000,4096
407,2427,2853,4096
408,1763,2427,4096
409,927,1763,4096
410,0,927,4096
411,-927,0,4096
412,-1763,-927,4096
413,-2427,-1763,4096
414,-2853,-2427,4096
415,-3000,-2853,4096
416,-2853,-3000,4096
417,-2427,-2853,4096
418,-1763,-2427,4096
419,-927,-1763,4096
420,0,-927,4096
421,927,0,4096
422,1763,927,4096
423,2427,1763,4096
424,2853,2427,4096
425,3000,2853,4096
426,2853,3000,4096
427,2427,2853,4096
428,1763,2427,4096
429,927,1763,4096
430,0,927,4096
431,-927,0,4096
432,-1763,-927,4096
433,-2427,-1763,4096
434,-2853,-2427,4096
435,-3000,-2853,4096
436,-2853,-3000,4096
437,-2427,-2853,4096
438,-1763,-2427,4096
439,-927,-1763,4096
440,0,-927,4096
441,927,0,4096
442,1763,927,4096
443,2427,1763,4096
444,2853,2427,4096
445,3000,2853,4096
446,2853,3000,4096
447,2427,2853,4096
448,1763,2427,4096
449,927,1763,4096
450,0,927,4096
451,-927,0,4096
452,-1763,-927,4096
453,-2427,-1763,4096
454,-2853,-2427,4096
455,-3000,-2853,4096
456,-2853,-3000,4096
457,-2427,-2853,4096
458,-1763,-2427,4096
459,-927,-1763,4096
460,0,-927,4096
461,927,0,4096
462,1763,927,4096
463,2427,1763,4096
464,2853,2427,4096
465,3000,2853,4096
466,2853,3000,4096
467,2427,2853,4096
468,1763,2427,4096
469,927,1763,4096
470,0,927,4096
471,-927,0,4096
472,-1763,-927,4096
473,-2427,-1763,4096
474,-2853,-2427,4096
475,-3000,-2853,4096
476,-2853,-3000,4096
477,-2427,-2853,4096
478,-1763,-2427,4096
479,-927,-1763,4096
480,0,-927,4096
481,927,0,4096
482,1763,927,4096
483,2427,1763,4096
484,2853,2427,4096
485,3000,2853,4096
486,2853,3000,4096
487,2427,2853,4096
488,1763,2427,4096
489,927,1763,4096
490,0,927,4096
491,-927,0,4096
492,-1763,-927,4096
493,-2427,-1763,4096
494,-2853,-2427,4096
495,-3000,-2853,4096
496,-2853,-3000,4096
497,-2427,-2853,4096
498,-1763,-2427,4096
499,-927,-1763,4096
500,0,-927,4096
501,927,0,4096
502,1763,927,4096
503,2427,1763,4096
504,2853,2427,4096
505,3000,2853,4096
506,2853,3000,4096
507,2427,2853,4096
508,1763,2427,4096
509,927,1763,4096
510,0,927,4096
511,-927,0,4096
512,-1763,-927,4096
513,-2427,-1763,4096
514,-2853,-2427,4096
515,-3000,-2853,4096
516,-2853,-3000,4096
517,-2427,-2853,4096
518,-1763,-2427,4096
519,-927,-1763,4096
520,0,-927,4096
521,927,0,4096
522,1763,927,4096
523,2427,1763,4096
524,2853,2427,4096
525,3000,2853,4096
526,2853,3000,4096
527,2427,2853,4096
528,1763,2427,4096
529,927,1763,4096
530,0,927,4096
531,-927,0,4096
532,-1763,-927,4096
533,-2427,-1763,4096
534,-2853,-2427,4096
535,-3000,-2853,4096
536,-2853,-3000,4096
537,-2427,-2853,4096
538,-1763,-2427,4096
539,-927,-1763,4096
540,0,-927,4096
541,927,0,4096
542,1763,927,4096
543,2427,1763,4096
544,2853,2427,4096
545,3000,2853,4096
546,2853,3000,4096
547,2427,2853,4096
548,1763,2427,4096
549,927,1763,4096
550,0,927,4096
551,-927,0,4096
552,-1763,-927,4096
553,-2427,-1763,4096
554,-2853,-2427,4096
555,-3000,-2853,4096
556,-2853,-3000,4096
557,-2427,-2853,4096
558,-1763,-2427,4096
559,-927,-1763,4096
560,0,-927,4096
561,927,0,4096
562,1763,927,4096
563,2427,1763,4096
564,2853,2427,4096
565,3000,2853,4096
566,2853,3000,4096
567,2427,2853,4096
568,1763,2427,4096
569,927,1763,4096
570,0,927,4096
571,-927,0,4096
572,-1763,-927,4096
573,-2427,-1763,4096
574,-2853,-2427,4096
575,-3000,-2853,4096
576,-2853,-3000,4096
577,-2427,-2853,4096
578,-1763,-2427,4096
579,-927,-1763,4096
580,0,-927,4096
581,927,0,4096
582,1763,927,4096
583,2427,1763,4096
584,2853,2427,4096
585,3000,2853,4096
586,2853,3000,4096
587,2427,2853,4096
588,1763,2427,4096
589,927,1763,4096
590,0,927,4096
591,-927,0,4096
592,-1763,-927,4096
593,-2427,-1763,4096
594,-2853,-2427,4096
595,-3000,-2853,4096
596,-2853,-3000,4096
597,-2427,-2853,4096
598,-1763,-2427,4096
599,-927,-1763,4096
600,0,-927,4096
601,927,0,4096
602,1763,927,4096
603,2427,1763,4096
604,2853,2427,4096
605,3000,2853,4096
606,2853,3000,4096
607,2427,2853,4096
608,1763,2427,4096
609,927,1763,4096
610,0,927,4096
611,-927,0,4096
612,-1763,-927,4096
613,-2427,-1763,4096
614,-2853,-2427,4096
615,-3000,-2853,4096
616,-2853,-3000,4096
617,-2427,-2853,4096
618,-1763,-2427,4096
619,-927,-1763,4096
620,0,-927,4096
621,927,0,4096
622,1763,927,4096
623,2427,1763,4096
624,2853,2427,4096
625,3000,2853,4096
626,2853,3000,4096
627,2427,2853,4096
628,1763,2427,4096
629,927,1763,4096
630,0,927,4096
631,-927,0,4096
632,-1763,-927,4096
633,-2427,-1763,4096
634,-2853,-2427,4096
635,-3000,-2853,4096
636,-2853,-3000,4096
637,-2427,-2853,4096
638,-1763,-2427,4096
639,-927,-1763,4096
640,0,-927,4096
641,927,0,4096
642,1763,927,4096
643,2427,1763,4096
644,2853,2427,4096
645,3000,2853,4096
646,2853,3000,4096
647,2427,2853,4096
648,1763,2427,4096
649,927,1763,4096
650,0,927,4096
651,-927,0,4096
652,-1763,-927,4096
653,-2427,-1763,4096
654,-2853,-2427,4096
655,-3000,-2853,4096
656,-2853,-3000,4096
657,-2427,-2853,4096
658,-1763,-2427,4096
659,-927,-1763,4096
660,0,-927,4096
661,927,0,4096
662,1763,927,4096
663,2427,1763,4096
664,2853,2427,4096
665,3000,2853,4096
666,2853,3000,4096
667,2427,2853,4096
668,1763,2427,4096
669,927,1763,4096
670,0,927,4096
671,-927,0,4096
672,-1763,-927,4096
673,-2427,-1763,4096
674,-2853,-2427,4096
675,-3000,-2853,4096
676,-2853,-3000,4096
677,-2427,-2853,4096
678,-1763,-2427,4096
679,-927,-1763,4096
680,0,-927,4096
681,927,0,4096
682,1763,927,4096
683,2427,1763,4096
684,2853,2427,4096
685,3000,2853,4096
686,2853,3000,4096
687,2427,2853,4096
688,1763,2427,4096
689,927,1763,4096
690,0,927,4096
691,-927,0,4096
692,-1763,-927,4096
693,-2427,-1763,4096
694,-2853,-2427,4096
695,-3000,-2853,4096
696,-2853,-3000,4096
697,-2427,-2853,4096
698,-1763,-2427,4096
699,-927,-1763,4096
700,0,-927,4096
701,927,0,4096
702,1763,927,4096
703,2427,1763,4096
704,2853,2427,4096
705,3000,2853,4096
706,2853,3000,4096
707,2427,2853,4096
708,1763,2427,4096
709,927,1763,4096
710,0,927,4096
711,-927,0,4096
712,-1763,-927,4096
713,-2427,-1763,4096
714,-2853,-2427,4096
715,-3000,-2853,4096
716,-2853,-3000,4096
717,-2427,-2853,4096
718,-1763,-2427,4096
719,-927,-1763,4096
720,0,-927,4096
721,927,0,4096
722,1763,927,4096
723,2427,1763,4096
724,2853,2427,4096
725,3000,2853,4096
726,2853,3000,4096
727,2427,2853,4096
728,1763,2427,4096
729,927,1763,4096
730,0,927,4096
731,-927,0,4096
732,-1763,-927,4096
733,-2427,-1763,4096
734,-2853,-2427,4096
735,-3000,-2853,4096
736,-2853,-3000,4096
737,-2427,-2853,4096
738,-1763,-2427,4096
739,-927,-1763,4096
740,0,-927,4096
741,927,0,4096
742,1763,927,4096
743,2427,1763,4096
744,2853,2427,4096
745,3000,2853,4096
746,2853,3000,4096
747,2427,2853,4096
748,1763,2427,4096
749,927,1763,4096
750,0,927,4096
751,-927,0,4096
752,-1763,-927,4096
753,-2427,-1763,4096
754,-2853,-2427,4096
755,-3000,-2853,4096
756,-2853,-3000,4096
757,-2427,-2853,4096
758,-1763,-2427,4096
759,-927,-1763,4096
760,0,-927,4096
761,927,0,4096
762,1763,927,4096
763,2427,1763,4096
764,2853,2427,4096
765,3000,2853,4096
766,2853,3000,4096
767,2427,2853,4096
768,1763,2427,4096
769,927,1763,4096
770,0,927,4096
771,-927,0,4096
772,-1763,-927,4096
773,-2427,-1763,4096
774,-2853,-2427,4096
775,-3000,-2853,4096
776,-2853,-3000,4096
777,-2427,-2853,4096
778,-1763,-2427,4096
779,-927,-1763,4096
780,0,-927,4096
781,927,0,4096
782,1763,927,4096
783,2427,1763,4096
784,2853,2427,4096
785,3000,2853,4096
786,2853,3000,4096
787,2427,2853,4096
788,1763,2427,4096
789,927,1763,4096
790,0,927,4096
791,-927,0,4096
792,-1763,-927,4096
793,-2427,-1763,4096
794,-2853,-2427,4096
795,-3000,-2853,4096
796,-2853,-3000,4096
797,-2427,-2853,4096
798,-1763,-2427,4096
799,-927,-1763,4096
800,0,-927,4096
801,927,0,4096
802,1763,927,4096
803,2427,1763,4096
804,2853,2427,4096
805,3000,2853,4096
806,2853,3000,4096
807,2427,2853,4096
808,1763,2427,4096
809,927,1763,4096
810,0,927,4096
811,-927,0,4096
812,-1763,-927,4096
813,-2427,-1763,4096
814,-2853,-2427,4096
815,-3000,-2853,4096
816,-2853,-3000,4096
817,-2427,-2853,4096
818,-1763,-2427,4096
819,-927,-1763,4096
820,0,-927,4096
821,927,0,4096
822,1763,927,4096
823,2427,1763,4096
824,2853,2427,4096
825,3000,2853,4096
826,2853,3000,4096
827,2427,2853,4096
828,1763,2427,4096
829,927,1763,4096
830,0,927,4096
831,-927,0,4096
832,-1763,-927,4096
833,-2427,-1763,4096
834,-2853,-2427,4096
835,-3000,-2853,4096
836,-2853,-3000,4096
837,-2427,-2853,4096
838,-1763,-2427,4096
839,-927,-1763,4096
840,0,-927,4096
841,927,0,4096
842,1763,927,4096
843,2427,1763,4096
844,2853,2427,4096
845,3000,2853,4096
846,2853,3000,4096
847,2427,2853,4096
848,1763,2427,4096
849,927,1763,4096
850,0,927,4096
851,-927,0,4096
852,-1763,-927,4096
853,-2427,-1763,4096
854,-2853,-2427,4096
855,-3000,-2853,4096
856,-2853,-3000,4096
857,-2427,-2853,4096
858,-1763,-2427,4096
859,-927,-1763,4096
860,0,-927,4096
861,927,0,4096
862,1763,927,4096
863,2427,1763,4096
864,2853,2427,4096
865,3000,2853,4096
866,2853,3000,4096
867,2427,2853,4096
868,1763,2427,4096
869,927,1763,4096
870,0,927,4096
871,-927,0,4096
872,-1763,-927,4096
873,-2427,-1763,4096
874,-2853,-2427,4096
875,-3000,-2853,4096
876,-2853,-3000,4096
877,-2427,-2853,4096
878,-1763,-2427,4096
879,-927,-1763,4096
880,0,-927,4096
881,927,0,4096
882,1763,927,4096
883,2427,1763,4096
884,2853,2427,4096
885,3000,2853,4096
886,2853,3000,4096
887,2427,2853,4096
888,1763,2427,4096
889,927,1763,4096
890,0,927,4096
891,-927,0,4096
892,-1763,-927,4096
893,-2427,-1763,4096
894,-2853,-2427,4096
895,-3000,-2853,4096
896,-2853,-3000,4096
897,-2427,-2853,4096
898,-1763,-2427,4096
899,-927,-1763,4096
900,0,-927,4096
901,927,0,4096
902,1763,927,4096
903,2427,1763,4096
904,2853,2427,4096
905,3000,2853,4096
906,2853,3000,4096
907,2427,2853,4096
908,1763,2427,4096
909,927,1763,4096
910,0,927,4096
911,-927,0,4096
912,-1763,-927,4096
913,-2427,-1763,4096
914,-2853,-2427,4096
915,-3000,-2853,4096
916,-2853,-3000,4096
917,-2427,-2853,4096
918,-1763,-2427,4096
919,-927,-1763,4096
920,0,-927,4096
921,927,0,4096
922,1763,927,4096
923,2427,1763,4096
924,2853,2427,4096
925,3000,2853,4096
926,2853,3000,4096
927,2427,2853,4096
928,1763,2427,4096
929,927,1763,4096
930,0,927,4096
931,-927,0,4096
932,-1763,-927,4096
933,-2427,-1763,4096
934,-2853,-2427,4096
935,-3000,-2853,4096
936,-2853,-3000,4096
937,-2427,-2853,4096
938,-1763,-2427,4096
939,-927,-1763,4096
940,0,-927,4096
941,927,0,4096
942,1763,927,4096
943,2427,1763,4096
944,2853,2427,4096
945,3000,2853,4096
946,2853,3000,4096
947,2427,2853,4096
948,1763,2427,4096
949,927,1763,4096
950,0,927,4096
951,-927,0,4096
952,-1763,-927,4096
953,-2427,-1763,4096
954,-2853,-2427,4096
955,-3000,-2853,4096
956,-2853,-3000,4096
957,-2427,-2853,4096
958,-1763,-2427,4096
959,-927,-1763,4096
960,0,-927,4096
961,927,0,4096
962,1763,927,4096
963,2427,1763,4096
964,2853,2427,4096
965,3000,2853,4096
966,2853,3000,4096
967,2427,2853,4096
968,1763,2427,4096
969,927,1763,4096
970,0,927,4096
971,-927,0,4096
972,-1763,-927,4096
973,-2427,-1763,4096
974,-2853,-2427,4096
975,-3000,-2853,4096
976,-2853,-3000,4096
977,-2427,-2853,4096
978,-1763,-2427,4096
979,-927,-1763,4096
980,0,-927,4096
981,927,0,4096
982,1763,927,4096
983,2427,1763,4096
984,2853,2427,4096
985,3000,2853,4096
986,2853,3000,4096
987,2427,2853,4096
988,1763,2427,4096
989,927,1763,4096
990,0,927,4096
991,-927,0,4096
992,-1763,-927,4096
993,-2427,-1763,4096
994,-2853,-2427,4096
995,-3000,-2853,4096
996,-2853,-3000,4096
997,-2427,-2853,4096
998,-1763,-2427,4096
999,-927,-1763,4096
1000,0,-927,4096
1001,927,0,4096
1002,1763,927,4096
1003,2427,1763,4096
1004,2853,2427,4096
1005,3000,2853,4096
1006,2853,3000,4096
1007,2427,2853,4096
1008,1763,2427,4096
1009,927,1763,4096
1010,0,927,4096
1011,-927,0,4096
1012,-1763,-927,4096
1013,-2427,-1763,4096
1014,-2853,-2427,4096
1015,-3000,-2853,4096
1016,-2853,-3000,4096
1017,-2427,-2853,4096
1018,-1763,-2427,4096
1019,-927,-1763,4096
1020,0,-927,4096
1021,927,0,4096
1022,1763,927,4096
1023,2427,1763,4096
1024,2853,2427,4096
1025,3000,2853,4096
1026,2853,3000,4096
1027,2427,2853,4096
1028,1763,2427,4096
1029,927,1763,4096
1030,0,927,4096
1031,-927,0,4096
1032,-1763,-927,4096
1033,-2427,-1763,4096
1034,-2853,-2427,4096
1035,-3000,-2853,4096
1036,-2853,-3000,4096
1037,-2427,-2853,4096
1038,-1763,-2427,4096
1039,-927,-1763,4096
1040,0,-927,4096
1041,927,0,4096
1042,1763,927,4096
1043,2427,1763,4096
1044,2853,2427,4096
1045,3000,2853,4096
1046,2853,3000,4096
1047,2427,2853,4096
1048,1763,2427,4096
1049,927,1763,4096
1050,0,927,4096
1051,-927,0,4096
1052,-1763,-927,4096
1053,-2427,-1763,4096
1054,-2853,-2427,4096
1055,-3000,-2853,4096
1056,-2853,-3000,4096
1057,-2427,-2853,4096
1058,-1763,-2427,4096
1059,-927,-1763,4096
1060,0,-927,4096
1061,927,0,4096
1062,1763,927,4096
1063,2427,1763,4096
1064,2853,2427,4096
1065,3000,2853,4096
1066,2853,3000,4096
1067,2427,2853,4096
1068,1763,2427,4096
1069,927,1763,4096
1070,0,927,4096
1071,-927,0,4096
1072,-1763,-927,4096
1073,-2427,-1763,4096
1074,-2853,-2427,4096
1075,-3000,-2853,4096
1076,-2853,-3000,4096
1077,-2427,-2853,4096
1078,-1763,-2427,4096
1079,-927,-1763,4096
1080,0,-927,4096
1081,927,0,4096
1082,1763,927,4096
1083,2427,1763,4096
1084,2853,2427,4096
1085,3000,2853,4096
1086,2853,3000,4096
1087,2427,2853,4096
1088,1763,2427,4096
1089,927,1763,4096
1090,0,927,4096
1091,-927,0,4096
1092,-1763,-927,4096
1093,-2427,-1763,4096
1094,-2853,-2427,4096
1095,-3000,-2853,4096
1096,-2853,-3000,4096
1097,-2427,-2853,4096
1098,-1763,-2427,4096
1099,-927,-1763,4096
1100,0,-927,4096
1101,927,0,4096
1102,1763,927,4096
1103,2427,1763,4096
1104,2853,2427,4096
1105,3000,2853,4096
1106,2853,3000,4096
1107,2427,2853,4096
1108,1763,2427,4096
1109,927,1763,4096
1110,0,927,4096
1111,-927,0,4096
1112,-1763,-927,4096
1113,-2427,-1763,4096
1114,-2853,-2427,4096
1115,-3000,-2853,4096
1116,-2853,-3000,4096
1117,-2427,-2853,4096
1118,-1763,-2427,4096
1119,-927,-1763,4096
1120,0,-927,4096
1121,927,0,4096
1122,1763,927,4096
1123,2427,1763,4096
1124,2853,2427,4096
1125,3000,2853,4096
1126,2853,3000,4096
1127,2427,2853,4096
1128,1763,2427,4096
1129,927,1763,4096
1130,0,927,4096
1131,-927,0,4096
1132,-1763,-927,4096
1133,-2427,-1763,4096
1134,-2853,-2427,4096
1135,-3000,-2853,4096
1136,-2853,-3000,4096
1137,-2427,-2853,4096
1138,-1763,-2427,4096
1139,-927,-1763,4096
1140,0,-927,4096
1141,927,0,4096
1142,1763,927,4096
1143,2427,1763,4096
1144,2853,2427,4096
1145,3000,2853,4096
1146,2853,3000,4096
1147,2427,2853,4096
1148,1763,2427,4096
1149,927,1763,4096
1150,0,927,4096
1151,-927,0,4096
1152,-1763,-927,4096
1153,-2427,-1763,4096
1154,-2853,-2427,4096
1155,-3000,-2853,4096
1156,-2853,-3000,4096
1157,-2427,-2853,4096
1158,-1763,-2427,4096
1159,-927,-1763,4096
1160,0,-927,4096
1161,927,0,4096
1162,1763,927,4096
1163,2427,1763,4096
1164,2853,2427,4096
1165,3000,2853,4096
1166,2853,3000,4096
1167,2427,2853,4096
1168,1763,2427,4096
1169,927,1763,4096
1170,0,927,4096
1171,-927,0,4096
1172,-1763,-927,4096
1173,-2427,-1763,4096
1174,-2853,-2427,4096
1175,-3000,-2853,4096
1176,-2853,-3000,4096
1177,-2427,-2853,4096
1178,-1763,-2427,4096
1179,-927,-1763,4096
1180,0,-927,4096
1181,927,0,4096
1182,1763,927,4096
1183,2427,1763,4096
1184,2853,2427,4096
1185,3000,2853,4096
1186,2853,3000,4096
1187,2427,2853,4096
1188,1763,2427,4096
1189,927,1763,4096
1190,0,927,4096
1191,-927,0,4096
1192,-1763,-927,4096
1193,-2427,-1763,4096
1194,-2853,-2427,4096
1195,-3000,-2853,4096
1196,-2853,-3000,4096
1197,-2427,-2853,4096
1198,-1763,-2427,4096
1199,-927,-1763,4096
1200,0,-927,4096
1201,927,0,4096
1202,1763,927,4096
1203,2427,1763,4096
1204,2853,2427,4096
1205,3000,2853,4096
1206,2853,3000,4096
1207,2427,2853,4096
1208,1763,2427,4096
1209,927,1763,4096
1210,0,927,4096
1211,-927,0,4096
1212,-1763,-927,4096
1213,-2427,-1763,4096
1214,-2853,-2427,4096
1215,-3000,-2853,4096
1216,-2853,-3000,4096
1217,-2427,-2853,4096
1218,-1763,-2427,4096
1219,-927,-1763,4096
1220,0,-927,4096
1221,927,0,4096
1222,1763,927,4096
1223,2427,1763,4096
1224,2853,2427,4096
1225,3000,2853,4096
1226,2853,3000,4096
1227,2427,2853,4096
1228,1763,2427,4096
1229,927,1763,4096
1230,0,927,4096
1231,-927,0,4096
1232,-1763,-927,4096
1233,-2427,-1763,4096
1234,-2853,-2427,4096
1235,-3000,-2853,4096
1236,-2853,-3000,4096
1237,-2427,-2853,4096
1238,-1763,-2427,4096
1239,-927,-1763,4096
1240,0,-927,4096
1241,927,0,4096
1242,1763,927,4096
1243,2427,1763,4096
1244,2853,2427,4096
1245,3000,2853,4096
1246,2853,3000,4096
1247,2427,2853,4096
1248,1763,2427,4096
1249,927,1763,4096
1250,0,927,4096
1251,-927,0,4096
1252,-1763,-927,4096
1253,-2427,-1763,4096
1254,-2853,-2427,4096
1255,-3000,-2853,4096
1256,-2853,-3000,4096
1257,-2427,-2853,4096
1258,-1763,-2427,4096
1259,-927,-1763,4096
1260,0,-927,4096
1261,927,0,4096
1262,1763,927,4096
1263,2427,1763,4096
1264,2853,2427,4096
1265,3000,2853,4096
1266,2853,3000,4096
1267,2427,2853,4096
1268,1763,2427,4096
1269,927,1763,4096
1270,0,927,4096
1271,-927,0,4096
1272,-1763,-927,4096
1273,-2427,-1763,4096
1274,-2853,-2427,4096
1275,-3000,-2853,4096
1276,-2853,-3000,4096
1277,-2427,-2853,4096
1278,-1763,-2427,4096
1279,-927,-1763,4096
1280,0,-927,4096
1281,927,0,4096
1282,1763,927,4096
1283,2427,1763,4096
1284,2853,2427,4096
1285,3000,2853,4096
1286,2853,3000,4096
1287,2427,2853,4096
1288,1763,2427,4096
1289,927,1763,4096
1290,0,927,4096
1291,-927,0,4096
1292,-1763,-927,4096
1293,-2427,-1763,4096
1294,-2853,-2427,4096
1295,-3000,-2853,4096
1296,-2853,-3000,4096
1297,-2427,-2853,4096
1298,-1763,-2427,4096
1299,-927,-1763,4096
1300,0,-927,4096
1301,927,0,4096
1302,1763,927,4096
1303,2427,1763,4096
1304,2853,2427,4096
1305,3000,2853,4096
1306,2853,3000,4096
1307,2427,2853,4096
1308,1763,2427,4096
1309,927,1763,4096
1310,0,927,4096
1311,-927,0,4096
1312,-1763,-927,4096
1313,-2427,-1763,4096
1314,-2853,-2427,4096
1315,-3000,-2853,4096
1316,-2853,-3000,4096
1317,-2427,-2853,4096
1318,-1763,-2427,4096
1319,-927,-1763,4096
1320,0,-927,4096
1321,927,0,4096
1322,1763,927,4096
1323,2427,1763,4096
1324,2853,2427,4096
1325,3000,2853,4096
1326,2853,3000,4096
1327,2427,2853,4096
1328,1763,2427,4096
1329,927,1763,4096
1330,0,927,4096
1331,-927,0,4096
1332,-1763,-927,4096
1333,-2427,-1763,4096
1334,-2853,-2427,4096
1335,-3000,-2853,4096
1336,-2853,-3000,4096
1337,-2427,-2853,4096
1338,-1763,-2427,4096
1339,-927,-1763,4096
1340,0,-927,4096
1341,927,0,4096
1342,1763,927,4096
1343,2427,1763,4096
1344,2853,2427,4096
1345,3000,2853,4096
1346,2853,3000,4096
1347,2427,2853,4096
1348,1763,2427,4096
1349,927,1763,4096
1350,0,927,4096
1351,-927,0,4096
1352,-1763,-927,4096
1353,-2427,-1763,4096
1354,-2853,-2427,4096
1355,-3000,-2853,4096
1356,-2853,-3000,4096
1357,-2427,-2853,4096
1358,-1763,-2427,4096
1359,-927,-1763,4096
1360,0,-927,4096
1361,927,0,4096
1362,1763,927,4096
1363,2427,1763,4096
1364,2853,2427,4096
1365,3000,2853,4096
1366,2853,3000,4096
1367,2427,2853,4096
1368,1763,2427,4096
1369,927,1763,4096
1370,0,927,4096
1371,-927,0,4096
1372,-1763,-927,4096
1373,-2427,-1763,4096
1374,-2853,-2427,4096
1375,-3000,-2853,4096
1376,-2853,-3000,4096
1377,-2427,-2853,4096
1378,-1763,-2427,4096
1379,-927,-1763,4096
1380,0,-927,4096
1381,927,0,4096
1382,1763,927,4096
1383,2427,1763,4096
1384,2853,2427,4096
1385,3000,2853,4096
1386,2853,3000,4096
1387,2427,2853,4096
1388,1763,2427,4096
1389,927,1763,4096
1390,0,927,4096
1391,-927,0,4096
1392,-1763,-927,4096
1393,-2427,-1763,4096
1394,-2853,-2427,4096
1395,-3000,-2853,4096
1396,-2853,-3000,4096
1397,-2427,-2853,4096
1398,-1763,-2427,4096
1399,-927,-1763,4096
1400,0,-927,4096
1401,927,0,4096
1402,1763,927,4096
1403,2427,1763,4096
1404,2853,2427,4096
1405,3000,2853,4096
1406,2853,3000,4096
1407,2427,2853,4096
1408,1763,2427,4096
1409,927,1763,4096
1410,0,927,4096
1411,-927,0,4096
1412,-1763,-927,4096
1413,-2427,-1763,4096
1414,-2853,-2427,4096
1415,-3000,-2853,4096
1416,-2853,-3000,4096
1417,-2427,-2853,4096
1418,-1763,-2427,4096
1419,-927,-1763,4096
1420,0,-927,4096
1421,927,0,4096
1422,1763,927,4096
1423,2427,1763,4096
1424,2853,2427,4096
1425,3000,2853,4096
1426,2853,3000,4096
1427,2427,2853,4096
1428,1763,2427,4096
1429,927,1763,4096
1430,0,927,4096
1431,-927,0,4096
1432,-1763,-927,4096
1433,-2427,-1763,4096
1434,-2853,-2427,4096
1435,-3000,-2853,4096
1436,-2853,-3000,4096
1437,-2427,-2853,4096
1438,-1763,-2427,4096
1439,-927,-1763,4096
1440,0,-927,4096
1441,927,0,4096
1442,1763,927,4096
1443,2427,1763,4096
1444,2853,2427,4096
1445,3000,2853,4096
1446,2853,3000,4096
1447,2427,2853,4096
1448,1763,2427,4096
1449,927,1763,4096
1450,0,927,4096
1451,-927,0,4096
1452,-1763,-927,4096
1453,-2427,-1763,4096
1454,-2853,-2427,4096
1455,-3000,-2853,4096
1456,-2853,-3000,4096
1457,-2427,-2853,4096
1458,-1763,-2427,4096
1459,-927,-1763,4096
1460,0,-927,4096
1461,927,0,4096
1462,1763,927,4096
1463,2427,1763,4096
1464,2853,2427,4096
1465,3000,2853,4096
1466,2853,3000,4096
1467,2427,2853,4096
1468,1763,2427,4096
1469,927,1763,4096
1470,0,927,4096
1471,-927,0,4096
1472,-1763,-927,4096
1473,-2427,-1763,4096
1474,-2853,-2427,4096
1475,-3000,-2853,4096
1476,-2853,-3000,4096
1477,-2427,-2853,4096
1478,-1763,-2427,4096
1479,-927,-1763,4096
1480,0,-927,4096
1481,927,0,4096
1482,1763,927,4096
1483,2427,1763,4096
1484,2853,2427,4096
1485,3000,2853,4096
1486,2853,3000,4096
1487,2427,2853,4096
1488,1763,2427,4096
1489,927,1763,4096
1490,0,927,4096
1491,-927,0,4096
1492,-1763,-927,4096
1493,-2427,-1763,4096
1494,-2853,-2427,4096
1495,-3000,-2853,4096
1496,-2853,-3000,4096
1497,-2427,-2853,4096
1498,-1763,-2427,4096
1499,-927,-1763,4096
1500,0,-927,4096
1501,927,0,4096
1502,1763,927,4096
1503,2427,1763,4096
1504,2853,2427,4096
1505,3000,2853,4096
1506,2853,3000,4096
1507,2427,2853,4096
1508,1763,2427,4096
1509,927,1763,4096
1510,0,927,4096
1511,-927,0,4096
1512,-1763,-927,4096
1513,-2427,-1763,4096
1514,-2853,-2427,4096
1515,-3000,-2853,4096
1516,-2853,-3000,4096
1517,-2427,-2853,4096
1518,-1763,-2427,4096
1519,-927,-1763,4096
1520,0,-927,4096
1521,927,0,4096
1522,1763,927,4096
1523,2427,1763,4096
1524,2853,2427,4096
1525,3000,2853,4096
1526,2853,3000,4096
1527,2427,2853,4096
1528,1763,2427,4096
1529,927,1763,4096
1530,0,927,4096
1531,-927,0,4096
1532,-1763,-927,4096
1533,-2427,-1763,4096
1534,-2853,-2427,4096
1535,-3000,-2853,4096
1536,-2853,-3000,4096
1537,-2427,-2853,4096
1538,-1763,-2427,4096
1539,-927,-1763,4096
1540,0,-927,4096
1541,927,0,4096
1542,1763,927,4096
1543,2427,1763,4096
1544,2853,2427,4096
1545,3000,2853,4096
1546,2853,3000,4096
1547,2427,2853,4096
1548,1763,2427,4096
1549,927,1763,4096
1550,0,927,4096
1551,-927,0,4096
1552,-1763,-927,4096
1553,-2427,-1763,4096
1554,-2853,-2427,4096
1555,-3000,-2853,4096
1556,-2853,-3000,4096
1557,-2427,-2853,4096
1558,-1763,-2427,4096
1559,-927,-1763,4096
1560,0,-927,4096
1561,927,0,4096
1562,1763,927,4096
1563,2427,1763,4096
1564,2853,2427,4096
1565,3000,2853,4096
1566,2853,3000,4096
1567,2427,2853,4096
1568,1763,2427,4096
1569,927,1763,4096
1570,0,927,4096
1571,-927,0,4096
1572,-1763,-927,4096
1573,-2427,-1763,4096
1574,-2853,-2427,4096
1575,-3000,-2853,4096
1576,-2853,-3000,4096
1577,-2427,-2853,4096
1578,-1763,-2427,4096
1579,-927,-1763,4096
1580,0,-927,4096
1581,927,0,4096
1582,1763,927,4096
1583,2427,1763,4096
1584,2853,2427,4096
1585,3000,2853,4096
1586,2853,3000,4096
1587,2427,2853,4096
1588,1763,2427,4096
1589,927,1763,4096
1590,0,927,4096
1591,-927,0,4096
1592,-1763,-927,4096
1593,-2427,-1763,4096
1594,-2853,-2427,4096
1595,-3000,-2853,4096
1596,-2853,-3000,4096
1597,-2427,-2853,4096
1598,-1763,-2427,4096
1599,-927,-1763,4096
1600,0,-927,4096
1601,927,0,4096
1602,1763,927,4096
1603,2427,1763,4096
1604,2853,2427,4096
1605,3000,2853,4096
1606,2853,3000,4096
1607,2427,2853,4096
1608,1763,2427,4096
1609,927,1763,4096
1610,0,927,4096
1611,-927,0,4096
1612,-1763,-927,4096
1613,-2427,-1763,4096
1614,-2853,-2427,4096
1615,-3000,-2853,4096
1616,-2853,-3000,4096
1617,-2427,-2853,4096
1618,-1763,-2427,4096
1619,-927,-1763,4096
1620,0,-927,4096
1621,927,0,4096
1622,1763,927,4096
1623,2427,1763,4096
1624,2853,2427,4096
1625,3000,2853,4096
1626,2853,3000,4096
1627,2427,2853,4096
1628,1763,2427,4096
1629,927,1763,4096
1630,0,927,4096
1631,-927,0,4096
1632,-1763,-927,4096
1633,-2427,-1763,4096
1634,-2853,-2427,4096
1635,-3000,-2853,4096
1636,-2853,-3000,4096
1637,-2427,-2853,4096
1638,-1763,-2427,4096
1639,-927,-1763,4096
1640,0,-927,4096
1641,927,0,4096
1642,1763,927,4096
1643,2427,1763,4096
1644,2853,2427,4096
1645,3000,2853,4096
1646,2853,3000,4096
1647,2427,2853,4096
1648,1763,2427,4096
1649,927,1763,4096
1650,0,927,4096
1651,-927,0,4096
1652,-1763,-927,4096
1653,-2427,-1763,4096
1654,-2853,-2427,4096
1655,-3000,-2853,4096
1656,-2853,-3000,4096
1657,-2427,-2853,4096
1658,-1763,-2427,4096
1659,-927,-1763,4096
1660,0,-927,4096
1661,927,0,4096
1662,1763,927,4096
1663,2427,1763,4096
1664,2853,2427,4096
1665,3000,2853,4096
1666,2853,3000,4096
1667,2427,2853,4096
1668,1763,2427,4096
1669,927,1763,4096
1670,0,927,4096
1671,-927,0,4096
1672,-1763,-927,4096
1673,-2427,-1763,4096
1674,-2853,-2427,4096
1675,-3000,-2853,4096
1676,-2853,-3000,4096
1677,-2427,-2853,4096
1678,-1763,-2427,4096
1679,-927,-1763,4096
1680,0,-927,4096
1681,927,0,4096
1682,1763,927,4096
1683,2427,1763,4096
1684,2853,2427,4096
1685,3000,2853,4096
1686,2853,3000,4096
1687,2427,2853,4096
1688,1763,2427,4096
1689,927,1763,4096
1690,0,927,4096
1691,-927,0,4096
1692,-1763,-927,4096
1693,-2427,-1763,4096
1694,-2853,-2427,4096
1695,-3000,-2853,4096
1696,-2853,-3000,4096
1697,-2427,-2853,4096
1698,-1763,-2427,4096
1699,-927,-1763,4096
1700,0,-927,4096
1701,927,0,4096
1702,1763,927,4096
1703,2427,1763,4096
1704,2853,2427,4096
1705,3000,2853,4096
1706,2853,3000,4096
1707,2427,2853,4096
1708,1763,2427,4096
1709,927,1763,4096
1710,0,927,4096
1711,-927,0,4096
1712,-1763,-927,4096
1713,-2427,-1763,4096
1714,-2853,-2427,4096
1715,-3000,-2853,4096
1716,-2853,-3000,4096
1717,-2427,-2853,4096
1718,-1763,-2427,4096
1719,-927,-1763,4096
1720,0,-927,4096
1721,927,0,4096
1722,1763,927,4096
1723,2427,1763,4096
1724,2853,2427,4096
1725,3000,2853,4096
1726,2853,3000,4096
1727,2427,2853,4096
1728,1763,2427,4096
1729,927,1763,4096
1730,0,927,4096
1731,-927,0,4096
1732,-1763,-927,4096
1733,-2427,-1763,4096
1734,-2853,-2427,4096
1735,-3000,-2853,4096
1736,-2853,-3000,4096
1737,-2427,-2853,4096
1738,-1763,-2427,4096
1739,-927,-1763,4096
1740,0,-927,4096
1741,927,0,4096
1742,1763,927,4096
1743,2427,1763,4096
1744,2853,2427,4096
1745,3000,2853,4096
1746,2853,3000,4096
1747,2427,2853,4096
1748,1763,2427,4096
1749,927,1763,4096
1750,0,927,4096
1751,-927,0,4096
1752,-1763,-927,4096
1753,-2427,-1763,4096
1754,-2853,-2427,4096
1755,-3000,-2853,4096
1756,-2853,-3000,4096
1757,-2427,-2853,4096
1758,-1763,-2427,4096
1759,-927,-1763,4096
1760,0,-927,4096
1761,927,0,4096
1762,1763,927,4096
1763,2427,1763,4096
1764,2853,2427,4096
1765,3000,2853,4096
1766,2853,3000,4096
1767,2427,2853,4096
1768,1763,2427,4096
1769,927,1763,4096
1770,0,927,4096
1771,-927,0,4096
1772,-1763,-927,4096
1773,-2427,-1763,4096
1774,-2853,-2427,4096
1775,-3000,-2853,4096
1776,-2853,-3000,4096
1777,-2427,-2853,4096
1778,-1763,-2427,4096
1779,-927,-1763,4096
1780,0,-927,4096
1781,927,0,4096
1782,1763,927,4096
1783,2427,1763,4096
1784,2853,2427,4096
1785,3000,2853,4096
1786,2853,3000,4096
1787,2427,2853,4096
1788,1763,2427,4096
1789,927,1763,4096
1790,0,927,4096
1791,-927,0,4096
1792,-1763,-927,4096
1793,-2427,-1763,4096
1794,-2853,-2427,4096
1795,-3000,-2853,4096
1796,-2853,-3000,4096
1797,-2427,-2853,4096
1798,-1763,-2427,4096
1799,-927,-1763,4096
1800,0,-927,4096
1801,927,0,4096
1802,1763,927,4096
1803,2427,1763,4096
1804,2853,2427,4096
1805,3000,2853,4096
1806,2853,3000,4096
1807,2427,2853,4096
1808,1763,2427,4096
1809,927,1763,4096
1810,0,927,4096
1811,-927,0,4096
1812,-1763,-927,4096
1813,-2427,-1763,4096
1814,-2853,-2427,4096
1815,-3000,-2853,4096
1816,-2853,-3000,4096
1817,-2427,-2853,4096
1818,-1763,-2427,4096
1819,-927,-1763,4096
1820,0,-927,4096
1821,927,0,4096
1822,1763,927,4096
1823,2427,1763,4096
1824,2853,2427,4096
1825,3000,2853,4096
1826,2853,3000,4096
1827,2427,2853,4096
1828,1763,2427,4096
1829,927,1763,4096
1830,0,927,4096
1831,-927,0,4096
1832,-1763,-927,4096
1833,-2427,-1763,4096
1834,-2853,-2427,4096
1835,-3000,-2853,4096
1836,-2853,-3000,4096
1837,-2427,-2853,4096
1838,-1763,-2427,4096
1839,-927,-1763,4096
1840,0,-927,4096
1841,927,0,4096
1842,1763,927,4096
1843,2427,1763,4096
1844,2853,2427,4096
1845,3000,2853,4096
1846,2853,3000,4096
1847,2427,2853,4096
1848,1763,2427,4096
1849,927,1763,4096
1850,0,927,4096
1851,-927,0,4096
1852,-1763,-927,4096
1853,-2427,-1763,4096
1854,-2853,-2427,4096
1855,-3000,-2853,4096
1856,-2853,-3000,4096
1857,-2427,-2853,4096
1858,-1763,-2427,4096
1859,-927,-1763,4096
1860,0,-927,4096
1861,927,0,4096
1862,1763,927,4096
1863,2427,1763,4096
1864,2853,2427,4096
1865,3000,2853,4096
1866,2853,3000,4096
1867,2427,2853,4096
1868,1763,2427,4096
1869,927,1763,4096
1870,0,927,4096
1871,-927,0,4096
1872,-1763,-927,4096
1873,-2427,-1763,4096
1874,-2853,-2427,4096
1875,-3000,-2853,4096
1876,-2853,-3000,4096
1877,-2427,-2853,4096
1878,-1763,-2427,4096
1879,-927,-1763,4096
1880,0,-927,4096
1881,927,0,4096
1882,1763,927,4096
1883,2427,1763,4096
1884,2853,2427,4096
1885,3000,2853,4096
1886,2853,3000,4096
1887,2427,2853,4096
1888,1763,2427,4096
1889,927,1763,4096
1890,0,927,4096
1891,-927,0,4096
1892,-1763,-927,4096
1893,-2427,-1763,4096
1894,-2853,-2427,4096
1895,-3000,-2853,4096
1896,-2853,-3000,4096
1897,-2427,-2853,4096
1898,-1763,-2427,4096
1899,-927,-1763,4096
1900,0,-927,4096
1901,927,0,4096
1902,1763,927,4096
1903,2427,1763,4096
1904,2853,2427,4096
1905,3000,2853,4096
1906,2853,3000,4096
1907,2427,2853,4096
1908,1763,2427,4096
1909,927,1763,4096
1910,0,927,4096
1911,-927,0,4096
1912,-1763,-927,4096
1913,-2427,-1763,4096
1914,-2853,-2427,4096
1915,-3000,-2853,4096
1916,-2853,-3000,4096
1917,-2427,-2853,4096
1918,-1763,-2427,4096
1919,-927,-1763,4096
1920,0,-927,4096
1921,927,0,4096
1922,1763,927,4096
1923,2427,1763,4096
1924,2853,2427,4096
1925,3000,2853,4096
1926,2853,3000,4096
1927,2427,2853,4096
1928,1763,2427,4096
1929,927,1763,4096
1930,0,927,4096
1931,-927,0,4096
1932,-1763,-927,4096
1933,-2427,-1763,4096
1934,-2853,-2427,4096
1935,-3000,-2853,4096
1936,-2853,-3000,4096
1937,-2427,-2853,4096
1938,-1763,-2427,4096
1939,-927,-1763,4096
1940,0,-927,4096
1941,927,0,4096
1942,1763,927,4096
1943,2427,1763,4096
1944,2853,2427,4096
1945,3000,2853,4096
1946,2853,3000,4096
1947,2427,2853,4096
1948,1763,2427,4096
1949,927,1763,4096
1950,0,927,4096
1951,-927,0,4096
1952,-1763,-927,4096
1953,-2427,-1763,4096
1954,-2853,-2427,4096
1955,-3000,-2853,4096
1956,-2853,-3000,4096
1957,-2427,-2853,4096
1958,-1763,-2427,4096
1959,-927,-1763,4096
1960,0,-927,4096
1961,927,0,4096
1962,1763,927,4096
1963,2427,1763,4096
1964,2853,2427,4096
1965,3000,2853,4096
1966,2853,3000,4096
1967,2427,2853,4096
1968,1763,2427,4096
1969,927,1763,4096
1970,0,927,4096
1971,-927,0,4096
1972,-1763,-927,4096
1973,-2427,-1763,4096
1974,-2853,-2427,4096
1975,-3000,-2853,4096
1976,-2853,-3000,4096
1977,-2427,-2853,4096
1978,-1763,-2427,4096
1979,-927,-1763,4096
1980,0,-927,4096
1981,927,0,4096
1982,1763,927,4096
1983,2427,1763,4096
1984,2853,2427,4096
1985,3000,2853,4096
1986,2853,3000,4096
1987,2427,2853,4096
1988,1763,2427,4096
1989,927,1763,4096
1990,0,927,4096
1991,-927,0,4096
1992,-1763,-927,4096
1993,-2427,-1763,4096
1994,-2853,-2427,4096
1995,-3000,-2853,4096
1996,-2853,-3000,4096
1997,-2427,-2853,4096
1998,-1763,-2427,4096
1999,-927,-1763,4096
2000,0,-927,4096
2001,4635,0,4096
2002,8817,4635,4096
2003,12135,8817,4096
2004,14266,12135,4096
2005,15000,14266,4095
2006,14266,14996,4095
2007,12135,14262,4095
2008,8817,12132,4094
2009,4635,8812,4094
2010,0,4632,4094
2011,-4635,0,4094
2012,-8817,-4633,4094
2013,-12135,-8813,4093
2014,-14266,-12127,4093
2015,-15000,-14256,4093
2016,-14266,-14990,4092
2017,-12135,-14253,4092
2018,-8817,-12124,4092
2019,-4635,-8809,4091
2020,0,-4630,4091
2021,4635,0,4091
2022,8817,4629,4091
2023,12135,8806,4090
2024,14266,12117,4090
2025,15000,14245,4090
2026,14266,14978,4089
2027,12135,14241,4089
2028,8817,12114,4089
2029,4635,8801,4088
2030,0,4625,4088
2031,-4635,0,4088
2032,-8817,-4626,4088
2033,-12135,-8800,4087
2034,-14266,-12109,4087
2035,-15000,-14235,4087
2036,-14266,-14968,4086
2037,-12135,-14232,4086
2038,-8817,-12106,4086
2039,-4635,-8796,4085
2040,0,-4623,4085
2041,4635,0,4085
2042,8817,4622,4085
2043,12135,8793,4084
2044,14266,12099,4084
2045,15000,14224,4084
2046,14266,14956,4083
2047,12135,14220,4083
2048,8817,12096,4083
2049,4635,8789,4082
2050,0,4619,4082
2051,-4635,0,4082
2052,-8817,-4620,4082
2053,-12135,-8787,4081
2054,-14266,-12091,4081
2055,-15000,-14214,4081
2056,-14266,-14946,4080
2057,-12135,-14211,4080
2058,-8817,-12088,4080
2059,-4635,-8783,4079
2060,0,-4616,4079
2061,4635,0,4079
2062,8817,4615,4079
2063,12135,8780,4078
2064,14266,12081,4078
2065,15000,14203,4078
2066,14266,14934,4077
2067,12135,14199,4077
2068,8817,12078,4077
2069,4635,8776,4076
2070,0,4612,4076
2071,-4635,0,4076
2072,-8817,-4613,4076
2073,-12135,-8774,4075
2074,-14266,-12073,4075
2075,-15000,-14193,4075
2076,-14266,-14924,4074
2077,-12135,-14190,4074
2078,-8817,-12070,4074
2079,-4635,-8770,4073
2080,0,-4609,4073
2081,4635,0,4073
2082,8817,4608,4073
2083,12135,8767,4072
2084,14266,12063,4072
2085,15000,14182,4072
2086,14266,14912,4071
2087,12135,14178,4071
2088,8817,12060,4071
2089,4635,8763,4070
2090,0,4605,4070
2091,-4635,0,4070
2092,-8817,-4606,4070
2093,-12135,-8762,4069
2094,-14266,-12056,4069
2095,-15000,-14172,4069
2096,-14266,-14902,4068
2097,-12135,-14169,4068
2098,-8817,-12053,4068
2099,-4635,-8757,4067
2100,0,-4603,4067
2101,4635,0,4067
2102,8817,4602,4067
2103,12135,8754,4066
2104,14266,12046,4066
2105,15000,14161,4066
2106,14266,14890,4065
2107,12135,14158,4065
2108,8817,12043,4065
2109,4635,8750,4064
2110,0,4598,4064
2111,-4635,0,4064
2112,-8817,-4599,4064
2113,-12135,-8749,4063
2114,-14266,-12038,4063
2115,-15000,-14152,4063
2116,-14266,-14880,4062
2117,-12135,-14148,4062
2118,-8817,-12035,4062
2119,-4635,-8744,4061
2120,0,-4596,4061
2121,4635,0,4061
2122,8817,4595,4061
2123,12135,8741,4060
2124,14266,12028,4060
2125,15000,14140,4060
2126,14266,14868,4059
2127,12135,14137,4059
2128,8817,12025,4059
2129,4635,8737,4058
2130,0,4591,4058
2131,-4635,0,4058
2132,-8817,-4592,4058
2133,-12135,-8736,4057
2134,-14266,-12020,4057
2135,-15000,-14131,4057
2136,-14266,-14858,4056
2137,-12135,-14127,4056
2138,-8817,-12017,4056
2139,-4635,-8731,4055
2140,0,-4589,4055
2141,4635,0,4055
2142,8817,4588,4055
2143,12135,8728,4054
2144,14266,12010,4054
2145,15000,14119,4054
2146,14266,14846,4053
2147,12135,14116,4053
2148,8817,12007,4053
2149,4635,8724,4052
2150,0,4585,4052
2151,-4635,0,4052
2152,-8817,-4586,4052
2153,-12135,-8723,4051
2154,-14266,-12002,4051
2155,-15000,-14110,4051
2156,-14266,-14836,4050
2157,-12135,-14106,4050
2158,-8817,-11999,4050
2159,-4635,-8718,4049
2160,0,-4582,4049
2161,4635,0,4049
2162,8817,4581,4049
2163,12135,8715,4048
2164,14266,11992,4048
2165,15000,14098,4048
2166,14266,14824,4047
2167,12135,14095,4047
2168,8817,11989,4047
2169,4635,8711,4046
2170,0,4578,4046
2171,-4635,0,4046
2172,-8817,-4579,4046
2173,-12135,-8710,4045
2174,-14266,-11984,4045
2175,-15000,-14089,4045
2176,-14266,-14814,4044
2177,-12135,-14085,4044
2178,-8817,-11981,4044
2179,-4635,-8706,4043
2180,0,-4576,4043
2181,4635,0,4043
2182,8817,4575,4043
2183,12135,8702,4042
2184,14266,11975,4042
2185,15000,14077,4042
2186,14266,14802,4041
2187,12135,14074,4041
2188,8817,11972,4041
2189,4635,8698,4040
2190,0,4571,4040
2191,-4635,0,4040
2192,-8817,-4572,4040
2193,-12135,-8697,4039
2194,-14266,-11967,4039
2195,-15000,-14068,4039
2196,-14266,-14792,4038
2197,-12135,-14064,4038
2198,-8817,-11964,4038
2199,-4635,-8693,4037
2200,0,-4569,4037
2201,4635,0,4037
2202,8817,4568,4037
2203,12135,8689,4036
2204,14266,11957,4036
2205,15000,14057,4036
2206,14266,14780,4035
2207,12135,14053,4035
2208,8817,11954,4035
2209,4635,8685,4034
2210,0,4564,4034
2211,-4635,0,4034
2212,-8817,-4565,4034
2213,-12135,-8684,4033
2214,-14266,-11949,4033
2215,-15000,-14047,4033
2216,-14266,-14770,4032
2217,-12135,-14044,4032
2218,-8817,-11946,4032
2219,-4635,-8680,4031
2220,0,-4562,4031
2221,4635,0,4031
2222,8817,4561,4031
2223,12135,8677,4030
2224,14266,11939,4030
2225,15000,14036,4030
2226,14266,14758,4029
2227,12135,14032,4029
2228,8817,11936,4029
2229,4635,8672,4028
2230,0,4558,4028
2231,-4635,0,4028
2232,-8817,-4559,4028
2233,-12135,-8671,4027
2234,-14266,-11931,4027
2235,-15000,-14026,4027
2236,-14266,-14748,4026
2237,-12135,-14023,4026
2238,-8817,-11928,4026
2239,-4635,-8667,4025
2240,0,-4555,4025
2241,4635,0,4025
2242,8817,4554,4025
2243,12135,8664,4024
2244,14266,11921,4024
2245,15000,14015,4024
2246,14266,14736,4023
2247,12135,14011,4023
2248,8817,11918,4023
2249,4635,8659,4022
2250,0,4551,4022
2251,-4635,0,4022
2252,-8817,-4552,4022
2253,-12135,-8658,4021
2254,-14266,-11913,4021
2255,-15000,-14005,4021
2256,-14266,-14726,4020
2257,-12135,-14002,4020
2258,-8817,-11910,4020
2259,-4635,-8654,4019
2260,0,-4548,4019
2261,4635,0,4019
2262,8817,4547,4019
2263,12135,8651,4018
2264,14266,11903,4018
2265,15000,13994,4018
2266,14266,14714,4017
2267,12135,13990,4017
2268,8817,11900,4017
2269,4635,8646,4016
2270,0,4544,4016
2271,-4635,0,4016
2272,-8817,-4545,4016
2273,-12135,-8645,4015
2274,-14266,-11896,4015
2275,-15000,-13984,4015
2276,-14266,-14704,4014
2277,-12135,-13981,4014
2278,-8817,-11893,4014
2279,-4635,-8641,4013
2280,0,-4542,4013
2281,4635,0,4013
2282,8817,4541,4013
2283,12135,8638,4012
2284,14266,11886,4012
2285,15000,13973,4012
2286,14266,14692,4011
2287,12135,13969,4011
2288,8817,11883,4011
2289,4635,8634,4010
2290,0,4537,4010
2291,-4635,0,4010
2292,-8817,-4538,4010
2293,-12135,-8632,4009
2294,-14266,-11878,4009
2295,-15000,-13963,4009
2296,-14266,-14682,4008
2297,-12135,-13960,4008
2298,-8817,-11875,4008
2299,-4635,-8628,4007
2300,0,-4535,4007
2301,4635,0,4007
2302,8817,4534,4007
2303,12135,8625,4006
2304,14266,11868,4006
2305,15000,13952,4006
2306,14266,14670,4005
2307,12135,13949,4005
2308,8817,11865,4005
2309,4635,8621,4004
2310,0,4530,4004
2311,-4635,0,4004
2312,-8817,-4531,4004
2313,-12135,-8619,4003
2314,-14266,-11860,4003
2315,-15000,-13943,4003
2316,-14266,-14660,4002
2317,-12135,-13939,4002
2318,-8817,-11857,4002
2319,-4635,-8615,4001
2320,0,-4528,4001
2321,4635,0,4001
2322,8817,4527,4001
2323,12135,8612,4000
2324,14266,11850,4000
2325,15000,13931,4000
2326,14266,14648,3999
2327,12135,13928,3999
2328,8817,11847,3999
2329,4635,8608,3998
2330,0,4524,3998
2331,-4635,0,3998
2332,-8817,-4525,3998
2333,-12135,-8607,3997
2334,-14266,-11842,3997
2335,-15000,-13922,3997
2336,-14266,-14638,3996
2337,-12135,-13918,3996
2338,-8817,-11839,3996
2339,-4635,-8602,3995
2340,0,-4521,3995
2341,4635,0,3995
2342,8817,4520,3995
2343,12135,8599,3994
2344,14266,11832,3994
2345,15000,13910,3994
2346,14266,14626,3993
2347,12135,13907,3993
2348,8817,11829,3993
2349,4635,8595,3992
2350,0,4517,3992
2351,-4635,0,3992
2352,-8817,-4518,3992
2353,-12135,-8594,3991
2354,-14266,-11824,3991
2355,-15000,-13901,3991
2356,-14266,-14616,3990
2357,-12135,-13897,3990
2358,-8817,-11821,3990
2359,-4635,-8589,3989
2360,0,-4514,3989
2361,4635,0,3989
2362,8817,4513,3989
2363,12135,8586,3988
2364,14266,11815,3988
2365,15000,13889,3988
2366,14266,14604,3987
2367,12135,13886,3987
2368,8817,11812,3987
2369,4635,8582,3986
2370,0,4510,3986
2371,-4635,0,3986
2372,-8817,-4511,3986
2373,-12135,-8581,3985
2374,-14266,-11807,3985
2375,-15000,-13880,3985
2376,-14266,-14594,3984
2377,-12135,-13876,3984
2378,-8817,-11804,3984
2379,-4635,-8576,3983
2380,0,-4508,3983
2381,4635,0,3983
2382,8817,4507,3983
2383,12135,8573,3982
2384,14266,11797,3982
2385,15000,13868,3982
2386,14266,14582,3981
2387,12135,13865,3981
2388,8817,11794,3981
2389,4635,8569,3980
2390,0,4503,3980
2391,-4635,0,3980
2392,-8817,-4504,3980
2393,-12135,-8568,3979
2394,-14266,-11789,3979
2395,-15000,-13859,3979
2396,-14266,-14572,3978
2397,-12135,-13856,3978
2398,-8817,-11786,3978
2399,-4635,-8563,3977
2400,0,-4501,3977
2401,4635,0,3977
2402,8817,4500,3977
2403,12135,8560,3976
2404,14266,11779,3976
2405,15000,13848,3976
2406,14266,14560,3975
2407,12135,13844,3975
2408,8817,11776,3975
2409,4635,8556,3974
2410,0,4496,3974
2411,-4635,0,3974
2412,-8817,-4497,3974
2413,-12135,-8555,3973
2414,-14266,-11771,3973
2415,-15000,-13838,3973
2416,-14266,-14550,3972
2417,-12135,-13835,3972
2418,-8817,-11768,3972
2419,-4635,-8551,3971
2420,0,-4494,3971
2421,4635,0,3971
2422,8817,4493,3971
2423,12135,8547,3970
2424,14266,11761,3970
2425,15000,13827,3970
2426,14266,14538,3969
2427,12135,13823,3969
2428,8817,11758,3969
2429,4635,8543,3968
2430,0,4490,3968
2431,-4635,0,3968
2432,-8817,-4491,3968
2433,-12135,-8542,3967
2434,-14266,-11753,3967
2435,-15000,-13817,3967
2436,-14266,-14528,3966
2437,-12135,-13814,3966
2438,-8817,-11750,3966
2439,-4635,-8538,3965
2440,0,-4487,3965
2441,4635,0,3965
2442,8817,4486,3965
2443,12135,8535,3964
2444,14266,11743,3964
2445,15000,13806,3964
2446,14266,14516,3963
2447,12135,13802,3963
2448,8817,11740,3963
2449,4635,8530,3962
2450,0,4483,3962
2451,-4635,0,3962
2452,-8817,-4484,3962
2453,-12135,-8529,3961
2454,-14266,-11736,3961
2455,-15000,-13796,3961
2456,-14266,-14506,3960
2457,-12135,-13793,3960
2458,-8817,-11733,3960
2459,-4635,-8525,3959
2460,0,-4480,3959
2461,4635,0,3959
2462,8817,4479,3959
2463,12135,8522,3958
2464,14266,11726,3958
2465,15000,13785,3958
2466,14266,14494,3957
2467,12135,13781,3957
2468,8817,11723,3957
2469,4635,8517,3956
2470,0,4476,3956
2471,-4635,0,3956
2472,-8817,-4477,3956
2473,-12135,-8516,3955
2474,-14266,-11718,3955
2475,-15000,-13775,3955
2476,-14266,-14484,3954
2477,-12135,-13772,3954
2478,-8817,-11715,3954
2479,-4635,-8512,3953
2480,0,-4474,3953
2481,4635,0,3953
2482,8817,4473,3953
2483,12135,8509,3952
2484,14266,11708,3952
2485,15000,13764,3952
2486,14266,14472,3951
2487,12135,13760,3951
2488,8817,11705,3951
2489,4635,8504,3950
2490,0,4469,3950
2491,-4635,0,3950
2492,-8817,-4470,3950
2493,-12135,-8503,3949
2494,-14266,-11700,3949
2495,-15000,-13755,3949
2496,-14266,-14462,3948
2497,-12135,-13751,3948
2498,-8817,-11697,3948
2499,-4635,-8499,3947
2500,0,-4467,3947
2501,4635,0,3947
2502,8817,4466,3947
2503,12135,8496,3946
2504,14266,11690,3946
2505,15000,13743,3946
2506,14266,14450,3945
2507,12135,13740,3945
2508,8817,11687,3945
2509,4635,8491,3944
2510,0,4462,3944
2511,-4635,0,3944
2512,-8817,-4463,3944
2513,-12135,-8490,3943
2514,-14266,-11682,3943
2515,-15000,-13734,3943
2516,-14266,-14440,3942
2517,-12135,-13730,3942
2518,-8817,-11679,3942
2519,-4635,-8486,3941
2520,0,-4460,3941
2521,4635,0,3941
2522,8817,4459,3941
2523,12135,8483,3940
2524,14266,11672,3940
2525,15000,13722,3940
2526,14266,14428,3939
2527,12135,13719,3939
2528,8817,11669,3939
2529,4635,8479,3938
2530,0,4456,3938
2531,-4635,0,3938
2532,-8817,-4457,3938
2533,-12135,-8477,3937
2534,-14266,-11664,3937
2535,-15000,-13713,3937
2536,-14266,-14418,3936
2537,-12135,-13709,3936
2538,-8817,-11661,3936
2539,-4635,-8473,3935
2540,0,-4453,3935
2541,4635,0,3935
2542,8817,4452,3935
2543,12135,8470,3934
2544,14266,11655,3934
2545,15000,13701,3934
2546,14266,14406,3933
2547,12135,13698,3933
2548,8817,11652,3933
2549,4635,8466,3932
2550,0,4449,3932
2551,-4635,0,3932
2552,-8817,-4450,3932
2553,-12135,-8464,3931
2554,-14266,-11647,3931
2555,-15000,-13692,3931
2556,-14266,-14396,3930
2557,-12135,-13688,3930
2558,-8817,-11644,3930
2559,-4635,-8460,3929
2560,0,-4447,3929
2561,4635,0,3929
2562,8817,4446,3929
2563,12135,8457,3928
2564,14266,11637,3928
2565,15000,13680,3928
2566,14266,14384,3927
2567,12135,13677,3927
2568,8817,11634,3927
2569,4635,8453,3926
2570,0,4442,3926
2571,-4635,0,3926
2572,-8817,-4443,3926
2573,-12135,-8452,3925
2574,-14266,-11629,3925
2575,-15000,-13671,3925
2576,-14266,-14374,3924
2577,-12135,-13667,3924
2578,-8817,-11626,3924
2579,-4635,-8447,3923
2580,0,-4440,3923
2581,4635,0,3923
2582,8817,4439,3923
2583,12135,8444,3922
2584,14266,11619,3922
2585,15000,13659,3922
2586,14266,14362,3921
2587,12135,13656,3921
2588,8817,11616,3921
2589,4635,8440,3920
2590,0,4435,3920
2591,-4635,0,3920
2592,-8817,-4436,3920
2593,-12135,-8439,3919
2594,-14266,-11611,3919
2595,-15000,-13650,3919
2596,-14266,-14352,3918
2597,-12135,-13647,3918
2598,-8817,-11608,3918
2599,-4635,-8434,3917
2600,0,-4433,3917
2601,4635,0,3917
2602,8817,4432,3917
2603,12135,8431,3916
2604,14266,11601,3916
2605,15000,13639,3916
2606,14266,14340,3915
2607,12135,13635,3915
2608,8817,11598,3915
2609,4635,8427,3914
2610,0,4429,3914
2611,-4635,0,3914
2612,-8817,-4430,3914
2613,-12135,-8426,3913
2614,-14266,-11593,3913
2615,-15000,-13629,3913
2616,-14266,-14330,3912
2617,-12135,-13626,3912
2618,-8817,-11590,3912
2619,-4635,-8421,3911
2620,0,-4426,3911
2621,4635,0,3911
2622,8817,4425,3911
2623,12135,8418,3910
2624,14266,11583,3910
2625,15000,13618,3910
2626,14266,14318,3909
2627,12135,13614,3909
2628,8817,11580,3909
2629,4635,8414,3908
2630,0,4422,3908
2631,-4635,0,3908
2632,-8817,-4423,3908
2633,-12135,-8413,3907
2634,-14266,-11576,3907
2635,-15000,-13608,3907
2636,-14266,-14308,3906
2637,-12135,-13605,3906
2638,-8817,-11573,3906
2639,-4635,-8409,3905
2640,0,-4419,3905
2641,4635,0,3905
2642,8817,4418,3905
2643,12135,8405,3904
2644,14266,11566,3904
2645,15000,13597,3904
2646,14266,14296,3903
2647,12135,13593,3903
2648,8817,11563,3903
2649,4635,8401,3902
2650,0,4415,3902
2651,-4635,0,3902
2652,-8817,-4416,3902
2653,-12135,-8400,3901
2654,-14266,-11558,3901
2655,-15000,-13587,3901
2656,-14266,-14286,3900
2657,-12135,-13584,3900
2658,-8817,-11555,3900
2659,-4635,-8396,3899
2660,0,-4413,3899
2661,4635,0,3899
2662,8817,4412,3899
2663,12135,8392,3898
2664,14266,11548,3898
2665,15000,13576,3898
2666,14266,14274,3897
2667,12135,13572,3897
2668,8817,11545,3897
2669,4635,8388,3896
2670,0,4408,3896
2671,-4635,0,3896
2672,-8817,-4409,3896
2673,-12135,-8387,3895
2674,-14266,-11540,3895
2675,-15000,-13566,3895
2676,-14266,-14264,3894
2677,-12135,-13563,3894
2678,-8817,-11537,3894
2679,-4635,-8383,3893
2680,0,-4406,3893
2681,4635,0,3893
2682,8817,4405,3893
2683,12135,8380,3892
2684,14266,11530,3892
2685,15000,13555,3892
2686,14266,14252,3891
2687,12135,13552,3891
2688,8817,11527,3891
2689,4635,8375,3890
2690,0,4401,3890
2691,-4635,0,3890
2692,-8817,-4402,3890
2693,-12135,-8374,3889
2694,-14266,-11522,3889
2695,-15000,-13546,3889
2696,-14266,-14242,3888
2697,-12135,-13542,3888
2698,-8817,-11519,3888
2699,-4635,-8370,3887
2700,0,-4399,3887
2701,4635,0,3887
2702,8817,4398,3887
2703,12135,8367,3886
2704,14266,11512,3886
2705,15000,13534,3886
2706,14266,14230,3885
2707,12135,13531,3885
2708,8817,11509,3885
2709,4635,8362,3884
2710,0,4395,3884
2711,-4635,0,3884
2712,-8817,-4396,3884
2713,-12135,-8361,3883
2714,-14266,-11504,3883
2715,-15000,-13525,3883
2716,-14266,-14220,3882
2717,-12135,-13521,3882
2718,-8817,-11501,3882
2719,-4635,-8357,3881
2720,0,-4392,3881
2721,4635,0,3881
2722,8817,4391,3881
2723,12135,8354,3880
2724,14266,11495,3880
2725,15000,13513,3880
2726,14266,14208,3879
2727,12135,13510,3879
2728,8817,11492,3879
2729,4635,8349,3878
2730,0,4388,3878
2731,-4635,0,3878
2732,-8817,-4389,3878
2733,-12135,-8348,3877
2734,-14266,-11487,3877
2735,-15000,-13504,3877
2736,-14266,-14198,3876
2737,-12135,-13500,3876
2738,-8817,-11484,3876
2739,-4635,-8344,3875
2740,0,-4385,3875
2741,4635,0,3875
2742,8817,4384,3875
2743,12135,8341,3874
2744,14266,11477,3874
2745,15000,13492,3874
2746,14266,14187,3873
2747,12135,13489,3873
2748,8817,11474,3873
2749,4635,8336,3872
2750,0,4381,3872
2751,-4635,0,3872
2752,-8817,-4382,3872
2753,-12135,-8335,3871
2754,-14266,-11469,3871
2755,-15000,-13483,3871
2756,-14266,-14177,3870
2757,-12135,-13479,3870
2758,-8817,-11466,3870
2759,-4635,-8331,3869
2760,0,-4379,3869
2761,4635,0,3869
2762,8817,4378,3869
2763,12135,8328,3868
2764,14266,11459,3868
2765,15000,13471,3868
2766,14266,14165,3867
2767,12135,13468,3867
2768,8817,11456,3867
2769,4635,8324,3866
2770,0,4374,3866
2771,-4635,0,3866
2772,-8817,-4375,3866
2773,-12135,-8322,3865
2774,-14266,-11451,3865
2775,-15000,-13462,3865
2776,-14266,-14155,3864
2777,-12135,-13458,3864
2778,-8817,-11448,3864
2779,-4635,-8318,3863
2780,0,-4372,3863
2781,4635,0,3863
2782,8817,4371,3863
2783,12135,8315,3862
2784,14266,11441,3862
2785,15000,13450,3862
2786,14266,14143,3861
2787,12135,13447,3861
2788,8817,11438,3861
2789,4635,8311,3860
2790,0,4367,3860
2791,-4635,0,3860
2792,-8817,-4368,3860
2793,-12135,-8309,3859
2794,-14266,-11433,3859
2795,-15000,-13441,3859
2796,-14266,-14133,3858
2797,-12135,-13438,3858
2798,-8817,-11430,3858
2799,-4635,-8305,3857
2800,0,-4365,3857
2801,4635,0,3857
2802,8817,4364,3857
2803,12135,8302,3856
2804,14266,11423,3856
2805,15000,13430,3856
2806,14266,14121,3855
2807,12135,13426,3855
2808,8817,11421,3855
2809,4635,8298,3854
2810,0,4361,3854
2811,-4635,0,3854
2812,-8817,-4362,3854
2813,-12135,-8297,3853
2814,-14266,-11416,3853
2815,-15000,-13420,3853
2816,-14266,-14111,3852
2817,-12135,-13417,3852
2818,-8817,-11413,3852
2819,-4635,-8292,3851
2820,0,-4358,3851
2821,4635,0,3851
2822,8817,4357,3851
2823,12135,8289,3850
2824,14266,11406,3850
2825,15000,13409,3850
2826,14266,14099,3849
2827,12135,13405,3849
2828,8817,11403,3849
2829,4635,8285,3848
2830,0,4354,3848
2831,-4635,0,3848
2832,-8817,-4355,3848
2833,-12135,-8284,3847
2834,-14266,-11398,3847
2835,-15000,-13399,3847
2836,-14266,-14089,3846
2837,-12135,-13396,3846
2838,-8817,-11395,3846
2839,-4635,-8279,3845
2840,0,-4351,3845
2841,4635,0,3845
2842,8817,4350,3845
2843,12135,8276,3844
2844,14266,11388,3844
2845,15000,13388,3844
2846,14266,14077,3843
2847,12135,13384,3843
2848,8817,11385,3843
2849,4635,8272,3842
2850,0,4347,3842
2851,-4635,0,3842
2852,-8817,-4348,3842
2853,-12135,-8271,3841
2854,-14266,-11380,3841
2855,-15000,-13378,3841
2856,-14266,-14067,3840
2857,-12135,-13375,3840
2858,-8817,-11377,3840
2859,-4635,-8266,3839
2860,0,-4345,3839
2861,4635,0,3839
2862,8817,4344,3839
2863,12135,8263,3838
2864,14266,11370,3838
2865,15000,13367,3838
2866,14266,14055,3837
2867,12135,13363,3837
2868,8817,11367,3837
2869,4635,8259,3836
2870,0,4340,3836
2871,-4635,0,3836
2872,-8817,-4341,3836
2873,-12135,-8258,3835
2874,-14266,-11362,3835
2875,-15000,-13357,3835
2876,-14266,-14045,3834
2877,-12135,-13354,3834
2878,-8817,-11359,3834
2879,-4635,-8254,3833
2880,0,-4338,3833
2881,4635,0,3833
2882,8817,4337,3833
2883,12135,8250,3832
2884,14266,11352,3832
2885,15000,13346,3832
2886,14266,14033,3831
2887,12135,13343,3831
2888,8817,11349,3831
2889,4635,8246,3830
2890,0,4333,3830
2891,-4635,0,3830
2892,-8817,-4334,3830
2893,-12135,-8245,3829
2894,-14266,-11344,3829
2895,-15000,-13337,3829
2896,-14266,-14023,3828
2897,-12135,-13333,3828
2898,-8817,-11342,3828
2899,-4635,-8241,3827
2900,0,-4331,3827
2901,4635,0,3827
2902,8817,4330,3827
2903,12135,8237,3826
2904,14266,11335,3826
2905,15000,13325,3826
2906,14266,14011,3825
2907,12135,13322,3825
2908,8817,11332,3825
2909,4635,8233,3824
2910,0,4327,3824
2911,-4635,0,3824
2912,-8817,-4328,3824
2913,-12135,-8232,3823
2914,-14266,-11327,3823
2915,-15000,-13316,3823
2916,-14266,-14001,3822
2917,-12135,-13312,3822
2918,-8817,-11324,3822
2919,-4635,-8228,3821
2920,0,-4324,3821
2921,4635,0,3821
2922,8817,4323,3821
2923,12135,8225,3820
2924,14266,11317,3820
2925,15000,13304,3820
2926,14266,13989,3819
2927,12135,13301,3819
2928,8817,11314,3819
2929,4635,8220,3818
2930,0,4320,3818
2931,-4635,0,3818
2932,-8817,-4321,3818
2933,-12135,-8219,3817
2934,-14266,-11309,3817
2935,-15000,-13295,3817
2936,-14266,-13979,3816
2937,-12135,-13291,3816
2938,-8817,-11306,3816
2939,-4635,-8215,3815
2940,0,-4318,3815
2941,4635,0,3815
2942,8817,4317,3815
2943,12135,8212,3814
2944,14266,11299,3814
2945,15000,13283,3814
2946,14266,13967,3813
2947,12135,13280,3813
2948,8817,11296,3813
2949,4635,8207,3812
2950,0,4313,3812
2951,-4635,0,3812
2952,-8817,-4314,3812
2953,-12135,-8206,3811
2954,-14266,-11291,3811
2955,-15000,-13274,3811
2956,-14266,-13957,3810
2957,-12135,-13270,3810
2958,-8817,-11288,3810
2959,-4635,-8202,3809
2960,0,-4311,3809
2961,4635,0,3809
2962,8817,4310,3809
2963,12135,8199,3808
2964,14266,11281,3808
2965,15000,13262,3808
2966,14266,13945,3807
2967,12135,13259,3807
2968,8817,11278,3807
2969,4635,8194,3806
2970,0,4306,3806
2971,-4635,0,3806
2972,-8817,-4307,3806
2973,-12135,-8193,3805
2974,-14266,-11273,3805
2975,-15000,-13253,3805
2976,-14266,-13935,3804
2977,-12135,-13249,3804
2978,-8817,-11270,3804
2979,-4635,-8189,3803
2980,0,-4304,3803
2981,4635,0,3803
2982,8817,4303,3803
2983,12135,8186,3802
2984,14266,11263,3802
2985,15000,13242,3802
2986,14266,13923,3801
2987,12135,13238,3801
2988,8817,11261,3801
2989,4635,8181,3800
2990,0,4300,3800
2991,-4635,0,3800
2992,-8817,-4301,3800
2993,-12135,-8180,3799
2994,-14266,-11256,3799
2995,-15000,-13232,3799
2996,-14266,-13913,3798
2997,-12135,-13229,3798
2998,-8817,-11253,3798
2999,-4635,-8176,3797
3000,0,-4297,3797
3001,4635,0,3797
3002,8817,4296,3797
3003,12135,8173,3796
3004,14266,11246,3796
3005,15000,13221,3796
3006,14266,13901,3795
3007,12135,13217,3795
3008,8817,11243,3795
3009,4635,8169,3794
3010,0,4293,3794
3011,-4635,0,3794
3012,-8817,-4294,3794
3013,-12135,-8167,3793
3014,-14266,-11238,3793
3015,-15000,-13211,3793
3016,-14266,-13891,3792
3017,-12135,-13208,3792
3018,-8817,-11235,3792
3019,-4635,-8163,3791
3020,0,-4290,3791
3021,4635,0,3791
3022,8817,4289,3791
3023,12135,8160,3790
3024,14266,11228,3790
3025,15000,13200,3790
3026,14266,13879,3789
3027,12135,13196,3789
3028,8817,11225,3789
3029,4635,8156,3788
3030,0,4286,3788
3031,-4635,0,3788
3032,-8817,-4287,3788
3033,-12135,-8155,3787
3034,-14266,-11220,3787
3035,-15000,-13190,3787
3036,-14266,-13869,3786
3037,-12135,-13187,3786
3038,-8817,-11217,3786
3039,-4635,-8150,3785
3040,0,-4284,3785
3041,4635,0,3785
3042,8817,4283,3785
3043,12135,8147,3784
3044,14266,11210,3784
3045,15000,13179,3784
3046,14266,13857,3783
3047,12135,13175,3783
3048,8817,11207,3783
3049,4635,8143,3782
3050,0,4279,3782
3051,-4635,0,3782
3052,-8817,-4280,3782
3053,-12135,-8142,3781
3054,-14266,-11202,3781
3055,-15000,-13169,3781
3056,-14266,-13847,3780
3057,-12135,-13166,3780
3058,-8817,-11199,3780
3059,-4635,-8137,3779
3060,0,-4277,3779
3061,4635,0,3779
3062,8817,4276,3779
3063,12135,8134,3778
3064,14266,11192,3778
3065,15000,13158,3778
3066,14266,13835,3777
3067,12135,13154,3777
3068,8817,11189,3777
3069,4635,8130,3776
3070,0,4272,3776
3071,-4635,0,3776
3072,-8817,-4273,3776
3073,-12135,-8129,3775
3074,-14266,-11184,3775
3075,-15000,-13148,3775
3076,-14266,-13825,3774
3077,-12135,-13145,3774
3078,-8817,-11182,3774
3079,-4635,-8124,3773
3080,0,-4270,3773
3081,4635,0,3773
3082,8817,4269,3773
3083,12135,8121,3772
3084,14266,11175,3772
3085,15000,13137,3772
3086,14266,13813,3771
3087,12135,13134,3771
3088,8817,11172,3771
3089,4635,8117,3770
3090,0,4266,3770
3091,-4635,0,3770
3092,-8817,-4267,3770
3093,-12135,-8116,3769
3094,-14266,-11167,3769
3095,-15000,-13128,3769
3096,-14266,-13803,3768
3097,-12135,-13124,3768
3098,-8817,-11164,3768
3099,-4635,-8111,3767
3100,0,-4263,3767
3101,4635,0,3767
3102,8817,4262,3767
3103,12135,8108,3766
3104,14266,11157,3766
3105,15000,13116,3766
3106,14266,13791,3765
3107,12135,13113,3765
3108,8817,11154,3765
3109,4635,8104,3764
3110,0,4259,3764
3111,-4635,0,3764
3112,-8817,-4260,3764
3113,-12135,-8103,3763
3114,-14266,-11149,3763
3115,-15000,-13107,3763
3116,-14266,-13781,3762
3117,-12135,-13103,3762
3118,-8817,-11146,3762
3119,-4635,-8099,3761
3120,0,-4256,3761
3121,4635,0,3761
3122,8817,4255,3761
3123,12135,8095,3760
3124,14266,11139,3760
3125,15000,13095,3760
3126,14266,13769,3759
3127,12135,13092,3759
3128,8817,11136,3759
3129,4635,8091,3758
3130,0,4252,3758
3131,-4635,0,3758
3132,-8817,-4253,3758
3133,-12135,-8090,3757
3134,-14266,-11131,3757
3135,-15000,-13086,3757
3136,-14266,-13759,3756
3137,-12135,-13082,3756
3138,-8817,-11128,3756
3139,-4635,-8086,3755
3140,0,-4250,3755
3141,4635,0,3755
3142,8817,4249,3755
3143,12135,8082,3754
3144,14266,11121,3754
3145,15000,13074,3754
3146,14266,13747,3753
3147,12135,13071,3753
3148,8817,11118,3753
3149,4635,8078,3752
3150,0,4245,3752
3151,-4635,0,3752
3152,-8817,-4246,3752
3153,-12135,-8077,3751
3154,-14266,-11113,3751
3155,-15000,-13065,3751
3156,-14266,-13737,3750
3157,-12135,-13061,3750
3158,-8817,-11110,3750
3159,-4635,-8073,3749
3160,0,-4243,3749
3161,4635,0,3749
3162,8817,4242,3749
3163,12135,8070,3748
3164,14266,11103,3748
3165,15000,13053,3748
3166,14266,13725,3747
3167,12135,13050,3747
3168,8817,11101,3747
3169,4635,8065,3746
3170,0,4238,3746
3171,-4635,0,3746
3172,-8817,-4239,3746
3173,-12135,-8064,3745
3174,-14266,-11096,3745
3175,-15000,-13044,3745
3176,-14266,-13715,3744
3177,-12135,-13041,3744
3178,-8817,-11093,3744
3179,-4635,-8060,3743
3180,0,-4236,3743
3181,4635,0,3743
3182,8817,4235,3743
3183,12135,8057,3742
3184,14266,11086,3742
3185,15000,13033,3742
3186,14266,13703,3741
3187,12135,13029,3741
3188,8817,11083,3741
3189,4635,8052,3740
3190,0,4232,3740
3191,-4635,0,3740
3192,-8817,-4233,3740
3193,-12135,-8051,3739
3194,-14266,-11078,3739
3195,-15000,-13023,3739
3196,-14266,-13693,3738
3197,-12135,-13020,3738
3198,-8817,-11075,3738
3199,-4635,-8047,3737
3200,0,-4229,3737
3201,4635,0,3737
3202,8817,4228,3737
3203,12135,8044,3736
3204,14266,11068,3736
3205,15000,13012,3736
3206,14266,13681,3735
3207,12135,13008,3735
3208,8817,11065,3735
3209,4635,8039,3734
3210,0,4225,3734
3211,-4635,0,3734
3212,-8817,-4226,3734
3213,-12135,-8038,3733
3214,-14266,-11060,3733
3215,-15000,-13002,3733
3216,-14266,-13671,3732
3217,-12135,-12999,3732
3218,-8817,-11057,3732
3219,-4635,-8034,3731
3220,0,-4222,3731
3221,4635,0,3731
3222,8817,4221,3731
3223,12135,8031,3730
3224,14266,11050,3730
3225,15000,12991,3730
3226,14266,13659,3729
3227,12135,12987,3729
3228,8817,11047,3729
3229,4635,8027,3728
3230,0,4218,3728
3231,-4635,0,3728
3232,-8817,-4219,3728
3233,-12135,-8025,3727
3234,-14266,-11042,3727
3235,-15000,-12981,3727
3236,-14266,-13649,3726
3237,-12135,-12978,3726
3238,-8817,-11039,3726
3239,-4635,-8021,3725
3240,0,-4216,3725
3241,4635,0,3725
3242,8817,4215,3725
3243,12135,8018,3724
3244,14266,11032,3724
3245,15000,12970,3724
3246,14266,13637,3723
3247,12135,12966,3723
3248,8817,11029,3723
3249,4635,8014,3722
3250,0,4211,3722
3251,-4635,0,3722
3252,-8817,-4212,3722
3253,-12135,-8012,3721
3254,-14266,-11025,3721
3255,-15000,-12960,3721
3256,-14266,-13627,3720
3257,-12135,-12957,3720
3258,-8817,-11022,3720
3259,-4635,-8008,3719
3260,0,-4209,3719
3261,4635,0,3719
3262,8817,4208,3719
3263,12135,8005,3718
3264,14266,11015,3718
3265,15000,12949,3718
3266,14266,13615,3717
3267,12135,12945,3717
3268,8817,11012,3717
3269,4635,8001,3716
3270,0,4204,3716
3271,-4635,0,3716
3272,-8817,-4205,3716
3273,-12135,-8000,3715
3274,-14266,-11007,3715
3275,-15000,-12940,3715
3276,-14266,-13605,3714
3277,-12135,-12936,3714
3278,-8817,-11004,3714
3279,-4635,-7995,3713
3280,0,-4202,3713
3281,4635,0,3713
3282,8817,4201,3713
3283,12135,7992,3712
3284,14266,10997,3712
3285,15000,12928,3712
3286,14266,13593,3711
3287,12135,12925,3711
3288,8817,10994,3711
3289,4635,7988,3710
3290,0,4198,3710
3291,-4635,0,3710
3292,-8817,-4199,3710
3293,-12135,-7987,3709
3294,-14266,-10989,3709
3295,-15000,-12919,3709
3296,-14266,-13583,3708
3297,-12135,-12915,3708
3298,-8817,-10986,3708
3299,-4635,-7982,3707
3300,0,-4195,3707
3301,4635,0,3707
3302,8817,4194,3707
3303,12135,7979,3706
3304,14266,10979,3706
3305,15000,12907,3706
3306,14266,13571,3705
3307,12135,12904,3705
3308,8817,10976,3705
3309,4635,7975,3704
3310,0,4191,3704
3311,-4635,0,3704
3312,-8817,-4192,3704
3313,-12135,-7974,3703
3314,-14266,-10971,3703
3315,-15000,-12898,3703
3316,-14266,-13561,3702
3317,-12135,-12894,3702
3318,-8817,-10968,3702
3319,-4635,-7969,3701
3320,0,-4189,3701
3321,4635,0,3701
3322,8817,4188,3701
3323,12135,7966,3700
3324,14266,10961,3700
3325,15000,12886,3700
3326,14266,13549,3699
3327,12135,12883,3699
3328,8817,10958,3699
3329,4635,7962,3698
3330,0,4184,3698
3331,-4635,0,3698
3332,-8817,-4185,3698
3333,-12135,-7961,3697
3334,-14266,-10953,3697
3335,-15000,-12877,3697
3336,-14266,-13539,3696
3337,-12135,-12873,3696
3338,-8817,-10950,3696
3339,-4635,-7956,3695
3340,0,-4182,3695
3341,4635,0,3695
3342,8817,4181,3695
3343,12135,7953,3694
3344,14266,10944,3694
3345,15000,12865,3694
3346,14266,13527,3693
3347,12135,12862,3693
3348,8817,10941,3693
3349,4635,7949,3692
3350,0,4177,3692
3351,-4635,0,3692
3352,-8817,-4178,3692
3353,-12135,-7948,3691
3354,-14266,-10936,3691
3355,-15000,-12856,3691
3356,-14266,-13517,3690
3357,-12135,-12852,3690
3358,-8817,-10933,3690
3359,-4635,-7944,3689
3360,0,-4175,3689
3361,4635,0,3689
3362,8817,4174,3689
3363,12135,7940,3688
3364,14266,10926,3688
3365,15000,12844,3688
3366,14266,13505,3687
3367,12135,12841,3687
3368,8817,10923,3687
3369,4635,7936,3686
3370,0,4171,3686
3371,-4635,0,3686
3372,-8817,-4172,3686
3373,-12135,-7935,3685
3374,-14266,-10918,3685
3375,-15000,-12835,3685
3376,-14266,-13495,3684
3377,-12135,-12832,3684
3378,-8817,-10915,3684
3379,-4635,-7931,3683
3380,0,-4168,3683
3381,4635,0,3683
3382,8817,4167,3683
3383,12135,7927,3682
3384,14266,10908,3682
3385,15000,12824,3682
3386,14266,13483,3681
3387,12135,12820,3681
3388,8817,10905,3681
3389,4635,7923,3680
3390,0,4164,3680
3391,-4635,0,3680
3392,-8817,-4165,3680
3393,-12135,-7922,3679
3394,-14266,-10900,3679
3395,-15000,-12814,3679
3396,-14266,-13473,3678
3397,-12135,-12811,3678
3398,-8817,-10897,3678
3399,-4635,-7918,3677
3400,0,-4161,3677
3401,4635,0,3677
3402,8817,4160,3677
3403,12135,7915,3676
3404,14266,10890,3676
3405,15000,12803,3676
3406,14266,13461,3675
3407,12135,12799,3675
3408,8817,10887,3675
3409,4635,7910,3674
3410,0,4157,3674
3411,-4635,0,3674
3412,-8817,-4158,3674
3413,-12135,-7909,3673
3414,-14266,-10882,3673
3415,-15000,-12793,3673
3416,-14266,-13451,3672
3417,-12135,-12790,3672
3418,-8817,-10879,3672
3419,-4635,-7905,3671
3420,0,-4155,3671
3421,4635,0,3671
3422,8817,4154,3671
3423,12135,7902,3670
3424,14266,10872,3670
3425,15000,12782,3670
3426,14266,13439,3669
3427,12135,12778,3669
3428,8817,10869,3669
3429,4635,7897,3668
3430,0,4150,3668
3431,-4635,0,3668
3432,-8817,-4151,3668
3433,-12135,-7896,3667
3434,-14266,-10865,3667
3435,-15000,-12772,3667
3436,-14266,-13429,3666
3437,-12135,-12769,3666
3438,-8817,-10862,3666
3439,-4635,-7892,3665
3440,0,-4148,3665
3441,4635,0,3665
3442,8817,4147,3665
3443,12135,7889,3664
3444,14266,10855,3664
3445,15000,12761,3664
3446,14266,13417,3663
3447,12135,12757,3663
3448,8817,10852,3663
3449,4635,7884,3662
3450,0,4143,3662
3451,-4635,0,3662
3452,-8817,-4144,3662
3453,-12135,-7883,3661
3454,-14266,-10847,3661
3455,-15000,-12751,3661
3456,-14266,-13407,3660
3457,-12135,-12748,3660
3458,-8817,-10844,3660
3459,-4635,-7879,3659
3460,0,-4141,3659
3461,4635,0,3659
3462,8817,4140,3659
3463,12135,7876,3658
3464,14266,10837,3658
3465,15000,12740,3658
3466,14266,13395,3657
3467,12135,12737,3657
3468,8817,10834,3657
3469,4635,7872,3656
3470,0,4137,3656
3471,-4635,0,3656
3472,-8817,-4138,3656
3473,-12135,-7870,3655
3474,-14266,-10829,3655
3475,-15000,-12731,3655
3476,-14266,-13386,3654
3477,-12135,-12727,3654
3478,-8817,-10826,3654
3479,-4635,-7866,3653
3480,0,-4134,3653
3481,4635,0,3653
3482,8817,4133,3653
3483,12135,7863,3652
3484,14266,10819,3652
3485,15000,12719,3652
3486,14266,13374,3651
3487,12135,12716,3651
3488,8817,10816,3651
3489,4635,7859,3650
3490,0,4130,3650
3491,-4635,0,3650
3492,-8817,-4131,3650
3493,-12135,-7857,3649
3494,-14266,-10811,3649
3495,-15000,-12710,3649
3496,-14266,-13364,3648
3497,-12135,-12706,3648
3498,-8817,-10808,3648
3499,-4635,-7853,3647
3500,0,-4127,3647
3501,4635,0,3647
3502,8817,4126,3647
3503,12135,7850,3646
3504,14266,10801,3646
3505,15000,12698,3646
3506,14266,13352,3645
3507,12135,12695,3645
3508,8817,10798,3645
3509,4635,7846,3644
3510,0,4123,3644
3511,-4635,0,3644
3512,-8817,-4124,3644
3513,-12135,-7845,3643
3514,-14266,-10793,3643
3515,-15000,-12689,3643
3516,-14266,-13342,3642
3517,-12135,-12685,3642
3518,-8817,-10790,3642
3519,-4635,-7840,3641
3520,0,-4121,3641
3521,4635,0,3641
3522,8817,4120,3641
3523,12135,7837,3640
3524,14266,10784,3640
3525,15000,12677,3640
3526,14266,13330,3639
3527,12135,12674,3639
3528,8817,10781,3639
3529,4635,7833,3638
3530,0,4116,3638
3531,-4635,0,3638
3532,-8817,-4117,3638
3533,-12135,-7832,3637
3534,-14266,-10776,3637
3535,-15000,-12668,3637
3536,-14266,-13320,3636
3537,-12135,-12664,3636
3538,-8817,-10773,3636
3539,-4635,-7827,3635
3540,0,-4114,3635
3541,4635,0,3635
3542,8817,4113,3635
3543,12135,7824,3634
3544,14266,10766,3634
3545,15000,12656,3634
3546,14266,13308,3633
3547,12135,12653,3633
3548,8817,10763,3633
3549,4635,7820,3632
3550,0,4109,3632
3551,-4635,0,3632
3552,-8817,-4110,3632
3553,-12135,-7819,3631
3554,-14266,-10758,3631
3555,-15000,-12647,3631
3556,-14266,-13298,3630
3557,-12135,-12643,3630
3558,-8817,-10755,3630
3559,-4635,-7814,3629
3560,0,-4107,3629
3561,4635,0,3629
3562,8817,4106,3629
3563,12135,7811,3628
3564,14266,10748,3628
3565,15000,12635,3628
3566,14266,13286,3627
3567,12135,12632,3627
3568,8817,10745,3627
3569,4635,7807,3626
3570,0,4103,3626
3571,-4635,0,3626
3572,-8817,-4104,3626
3573,-12135,-7806,3625
3574,-14266,-10740,3625
3575,-15000,-12626,3625
3576,-14266,-13276,3624
3577,-12135,-12623,3624
3578,-8817,-10737,3624
3579,-4635,-7801,3623
3580,0,-4100,3623
3581,4635,0,3623
3582,8817,4099,3623
3583,12135,7798,3622
3584,14266,10730,3622
3585,15000,12615,3622
3586,14266,13264,3621
3587,12135,12611,3621
3588,8817,10727,3621
3589,4635,7794,3620
3590,0,4096,3620
3591,-4635,0,3620
3592,-8817,-4097,3620
3593,-12135,-7793,3619
3594,-14266,-10722,3619
3595,-15000,-12605,3619
3596,-14266,-13254,3618
3597,-12135,-12602,3618
3598,-8817,-10719,3618
3599,-4635,-7789,3617
3600,0,-4093,3617
3601,4635,0,3617
3602,8817,4092,3617
3603,12135,7785,3616
3604,14266,10712,3616
3605,15000,12594,3616
3606,14266,13242,3615
3607,12135,12590,3615
3608,8817,10709,3615
3609,4635,7781,3614
3610,0,4089,3614
3611,-4635,0,3614
3612,-8817,-4090,3614
3613,-12135,-7780,3613
3614,-14266,-10705,3613
3615,-15000,-12584,3613
3616,-14266,-13232,3612
3617,-12135,-12581,3612
3618,-8817,-10702,3612
3619,-4635,-7776,3611
3620,0,-4087,3611
3621,4635,0,3611
3622,8817,4086,3611
3623,12135,7772,3610
3624,14266,10695,3610
3625,15000,12573,3610
3626,14266,13220,3609
3627,12135,12569,3609
3628,8817,10692,3609
3629,4635,7768,3608
3630,0,4082,3608
3631,-4635,0,3608
3632,-8817,-4083,3608
3633,-12135,-7767,3607
3634,-14266,-10687,3607
3635,-15000,-12563,3607
3636,-14266,-13210,3606
3637,-12135,-12560,3606
3638,-8817,-10684,3606
3639,-4635,-7763,3605
3640,0,-4080,3605
3641,4635,0,3605
3642,8817,4079,3605
3643,12135,7760,3604
3644,14266,10677,3604
3645,15000,12552,3604
3646,14266,13198,3603
3647,12135,12548,3603
3648,8817,10674,3603
3649,4635,7755,3602
3650,0,4075,3602
3651,-4635,0,3602
3652,-8817,-4076,3602
3653,-12135,-7754,3601
3654,-14266,-10669,3601
3655,-15000,-12542,3601
3656,-14266,-13188,3600
3657,-12135,-12539,3600
3658,-8817,-10666,3600
3659,-4635,-7750,3599
3660,0,-4073,3599
3661,4635,0,3599
3662,8817,4072,3599
3663,12135,7747,3598
3664,14266,10659,3598
3665,15000,12531,3598
3666,14266,13176,3597
3667,12135,12528,3597
3668,8817,10656,3597
3669,4635,7742,3596
3670,0,4069,3596
3671,-4635,0,3596
3672,-8817,-4070,3596
3673,-12135,-7741,3595
3674,-14266,-10651,3595
3675,-15000,-12522,3595
3676,-14266,-13166,3594
3677,-12135,-12518,3594
3678,-8817,-10648,3594
3679,-4635,-7737,3593
3680,0,-4066,3593
3681,4635,0,3593
3682,8817,4065,3593
3683,12135,7734,3592
3684,14266,10641,3592
3685,15000,12510,3592
3686,14266,13154,3591
3687,12135,12507,3591
3688,8817,10638,3591
3689,4635,7729,3590
3690,0,4062,3590
3691,-4635,0,3590
3692,-8817,-4063,3590
3693,-12135,-7728,3589
3694,-14266,-10633,3589
3695,-15000,-12501,3589
3696,-14266,-13144,3588
3697,-12135,-12497,3588
3698,-8817,-10630,3588
3699,-4635,-7724,3587
3700,0,-4060,3587
3701,4635,0,3587
3702,8817,4059,3587
3703,12135,7721,3586
3704,14266,10624,3586
3705,15000,12489,3586
3706,14266,13132,3585
3707,12135,12486,3585
3708,8817,10621,3585
3709,4635,7717,3584
3710,0,4055,3584
3711,-4635,0,3584
3712,-8817,-4056,3584
3713,-12135,-7715,3583
3714,-14266,-10616,3583
3715,-15000,-12480,3583
3716,-14266,-13122,3582
3717,-12135,-12476,3582
3718,-8817,-10613,3582
3719,-4635,-7711,3581
3720,0,-4053,3581
3721,4635,0,3581
3722,8817,4052,3581
3723,12135,7708,3580
3724,14266,10606,3580
3725,15000,12468,3580
3726,14266,13110,3579
3727,12135,12465,3579
3728,8817,10603,3579
3729,4635,7704,3578
3730,0,4048,3578
3731,-4635,0,3578
3732,-8817,-4049,3578
3733,-12135,-7702,3577
3734,-14266,-10598,3577
3735,-15000,-12459,3577
3736,-14266,-13100,3576
3737,-12135,-12455,3576
3738,-8817,-10595,3576
3739,-4635,-7698,3575
3740,0,-4046,3575
3741,4635,0,3575
3742,8817,4045,3575
3743,12135,7695,3574
3744,14266,10588,3574
3745,15000,12447,3574
3746,14266,13088,3573
3747,12135,12444,3573
3748,8817,10585,3573
3749,4635,7691,3572
3750,0,4042,3572
3751,-4635,0,3572
3752,-8817,-4043,3572
3753,-12135,-7690,3571
3754,-14266,-10580,3571
3755,-15000,-12438,3571
3756,-14266,-13078,3570
3757,-12135,-12434,3570
3758,-8817,-10577,3570
3759,-4635,-7685,3569
3760,0,-4039,3569
3761,4635,0,3569
3762,8817,4038,3569
3763,12135,7682,3568
3764,14266,10570,3568
3765,15000,12427,3568
3766,14266,13066,3567
3767,12135,12423,3567
3768,8817,10567,3567
3769,4635,7678,3566
3770,0,4035,3566
3771,-4635,0,3566
3772,-8817,-4036,3566
3773,-12135,-7677,3565
3774,-14266,-10562,3565
3775,-15000,-12417,3565
3776,-14266,-13056,3564
3777,-12135,-12414,3564
3778,-8817,-10559,3564
3779,-4635,-7672,3563
3780,0,-4032,3563
3781,4635,0,3563
3782,8817,4031,3563
3783,12135,7669,3562
3784,14266,10552,3562
3785,15000,12406,3562
3786,14266,13044,3561
3787,12135,12402,3561
3788,8817,10549,3561
3789,4635,7665,3560
3790,0,4028,3560
3791,-4635,0,3560
3792,-8817,-4029,3560
3793,-12135,-7664,3559
3794,-14266,-10545,3559
3795,-15000,-12396,3559
3796,-14266,-13034,3558
3797,-12135,-12393,3558
3798,-8817,-10542,3558
3799,-4635,-7659,3557
3800,0,-4026,3557
3801,4635,0,3557
3802,8817,4025,3557
3803,12135,7656,3556
3804,14266,10535,3556
3805,15000,12385,3556
3806,14266,13022,3555
3807,12135,12381,3555
3808,8817,10532,3555
3809,4635,7652,3554
3810,0,4021,3554
3811,-4635,0,3554
3812,-8817,-4022,3554
3813,-12135,-7651,3553
3814,-14266,-10527,3553
3815,-15000,-12375,3553
3816,-14266,-13012,3552
3817,-12135,-12372,3552
3818,-8817,-10524,3552
3819,-4635,-7646,3551
3820,0,-4019,3551
3821,4635,0,3551
3822,8817,4018,3551
3823,12135,7643,3550
3824,14266,10517,3550
3825,15000,12364,3550
3826,14266,13000,3549
3827,12135,12360,3549
3828,8817,10514,3549
3829,4635,7639,3548
3830,0,4014,3548
3831,-4635,0,3548
3832,-8817,-4015,3548
3833,-12135,-7638,3547
3834,-14266,-10509,3547
3835,-15000,-12354,3547
3836,-14266,-12990,3546
3837,-12135,-12351,3546
3838,-8817,-10506,3546
3839,-4635,-7634,3545
3840,0,-4012,3545
3841,4635,0,3545
3842,8817,4011,3545
3843,12135,7630,3544
3844,14266,10499,3544
3845,15000,12343,3544
3846,14266,12978,3543
3847,12135,12339,3543
3848,8817,10496,3543
3849,4635,7626,3542
3850,0,4008,3542
3851,-4635,0,3542
3852,-8817,-4009,3542
3853,-12135,-7625,3541
3854,-14266,-10491,3541
3855,-15000,-12333,3541
3856,-14266,-12968,3540
3857,-12135,-12330,3540
3858,-8817,-10488,3540
3859,-4635,-7621,3539
3860,0,-4005,3539
3861,4635,0,3539
3862,8817,4004,3539
3863,12135,7618,3538
3864,14266,10481,3538
3865,15000,12322,3538
3866,14266,12956,3537
3867,12135,12319,3537
3868,8817,10478,3537
3869,4635,7613,3536
3870,0,4001,3536
3871,-4635,0,3536
3872,-8817,-4002,3536
3873,-12135,-7612,3535
3874,-14266,-10473,3535
3875,-15000,-12313,3535
3876,-14266,-12946,3534
3877,-12135,-12309,3534
3878,-8817,-10470,3534
3879,-4635,-7608,3533
3880,0,-3998,3533
3881,4635,0,3533
3882,8817,3997,3533
3883,12135,7605,3532
3884,14266,10464,3532
3885,15000,12301,3532
3886,14266,12934,3531
3887,12135,12298,3531
3888,8817,10461,3531
3889,4635,7600,3530
3890,0,3994,3530
3891,-4635,0,3530
3892,-8817,-3995,3530
3893,-12135,-7599,3529
3894,-14266,-10456,3529
3895,-15000,-12292,3529
3896,-14266,-12924,3528
3897,-12135,-12288,3528
3898,-8817,-10453,3528
3899,-4635,-7595,3527
3900,0,-3992,3527
3901,4635,0,3527
3902,8817,3991,3527
3903,12135,7592,3526
3904,14266,10446,3526
3905,15000,12280,3526
3906,14266,12912,3525
3907,12135,12277,3525
3908,8817,10443,3525
3909,4635,7587,3524
3910,0,3987,3524
3911,-4635,0,3524
3912,-8817,-3988,3524
3913,-12135,-7586,3523
3914,-14266,-10438,3523
3915,-15000,-12271,3523
3916,-14266,-12902,3522
3917,-12135,-12267,3522
3918,-8817,-10435,3522
3919,-4635,-7582,3521
3920,0,-3985,3521
3921,4635,0,3521
3922,8817,3984,3521
3923,12135,7579,3520
3924,14266,10428,3520
3925,15000,12259,3520
3926,14266,12890,3519
3927,12135,12256,3519
3928,8817,10425,3519
3929,4635,7574,3518
3930,0,3980,3518
3931,-4635,0,3518
3932,-8817,-3981,3518
3933,-12135,-7573,3517
3934,-14266,-10420,3517
3935,-15000,-12250,3517
3936,-14266,-12880,3516
3937,-12135,-12246,3516
3938,-8817,-10417,3516
3939,-4635,-7569,3515
3940,0,-3978,3515
3941,4635,0,3515
3942,8817,3977,3515
3943,12135,7566,3514
3944,14266,10410,3514
3945,15000,12238,3514
3946,14266,12868,3513
3947,12135,12235,3513
3948,8817,10407,3513
3949,4635,7562,3512
3950,0,3974,3512
3951,-4635,0,3512
3952,-8817,-3975,3512
3953,-12135,-7560,3511
3954,-14266,-10402,3511
3955,-15000,-12229,3511
3956,-14266,-12858,3510
3957,-12135,-12226,3510
3958,-8817,-10399,3510
3959,-4635,-7556,3509
3960,0,-3971,3509
3961,4635,0,3509
3962,8817,3970,3509
3963,12135,7553,3508
3964,14266,10392,3508
3965,15000,12218,3508
3966,14266,12846,3507
3967,12135,12214,3507
3968,8817,10390,3507
3969,4635,7549,3506
3970,0,3967,3506
3971,-4635,0,3506
3972,-8817,-3968,3506
3973,-12135,-7547,3505
3974,-14266,-10385,3505
3975,-15000,-12208,3505
3976,-14266,-12836,3504
3977,-12135,-12205,3504
3978,-8817,-10382,3504
3979,-4635,-7543,3503
3980,0,-3964,3503
3981,4635,0,3503
3982,8817,3963,3503
3983,12135,7540,3502
3984,14266,10375,3502
3985,15000,12197,3502
3986,14266,12824,3501
3987,12135,12193,3501
3988,8817,10372,3501
3989,4635,7536,3500
3990,0,3960,3500
3991,-4635,0,3500
3992,-8817,-3961,3500
3993,-12135,-7535,3499
3994,-14266,-10367,3499
3995,-15000,-12187,3499
3996,-14266,-12814,3498
3997,-12135,-12184,3498
3998,-8817,-10364,3498
3999,-4635,-7530,3497
4000,0,-3958,3497
4001,927,0,3497
4002,1763,791,3497
4003,2427,1505,3497
4004,2853,2072,3498
4005,3000,2436,3498
4006,2853,2562,3498
4007,2427,2436,3498
4008,1763,2072,3498
4009,927,1505,3499
4010,0,791,3499
4011,-927,0,3499
4012,-1763,-792,3499
4013,-2427,-1507,3499
4014,-2853,-2074,3500
4015,-3000,-2438,3500
4016,-2853,-2564,3500
4017,-2427,-2438,3500
4018,-1763,-2074,3500
4019,-927,-1507,3501
4020,0,-793,3501
4021,927,0,3501
4022,1763,792,3501
4023,2427,1506,3501
4024,2853,2074,3502
4025,3000,2439,3502
4026,2853,2564,3502
4027,2427,2439,3502
4028,1763,2075,3502
4029,927,1507,3503
4030,0,792,3503
4031,-927,0,3503
4032,-1763,-793,3503
4033,-2427,-1508,3503
4034,-2853,-2076,3504
4035,-3000,-2441,3504
4036,-2853,-2567,3504
4037,-2427,-2441,3504
4038,-1763,-2077,3504
4039,-927,-1509,3505
4040,0,-794,3505
4041,927,0,3505
4042,1763,793,3505
4043,2427,1508,3505
4044,2853,2076,3506
4045,3000,2442,3506
4046,2853,2567,3506
4047,2427,2442,3506
4048,1763,2077,3506
4049,927,1509,3507
4050,0,793,3507
4051,-927,0,3507
4052,-1763,-794,3507
4053,-2427,-1510,3507
4054,-2853,-2079,3508
4055,-3000,-2444,3508
4056,-2853,-2570,3508
4057,-2427,-2444,3508
4058,-1763,-2079,3508
4059,-927,-1510,3509
4060,0,-795,3509
4061,927,0,3509
4062,1763,794,3509
4063,2427,1510,3509
4064,2853,2079,3510
4065,3000,2444,3510
4066,2853,2570,3510
4067,2427,2444,3510
4068,1763,2079,3510
4069,927,1510,3511
4070,0,794,3511
4071,-927,0,3511
4072,-1763,-795,3511
4073,-2427,-1512,3511
4074,-2853,-2081,3512
4075,-3000,-2447,3512
4076,-2853,-2573,3512
4077,-2427,-2447,3512
4078,-1763,-2081,3512
4079,-927,-1512,3513
4080,0,-796,3513
4081,927,0,3513
4082,1763,795,3513
4083,2427,1512,3513
4084,2853,2081,3514
4085,3000,2447,3514
4086,2853,2573,3514
4087,2427,2447,3514
4088,1763,2082,3514
4089,927,1512,3515
4090,0,795,3515
4091,-927,0,3515
4092,-1763,-796,3515
4093,-2427,-1513,3515
4094,-2853,-2083,3516
4095,-3000,-2450,3516
4096,-2853,-2576,3516
4097,-2427,-2450,3516
4098,-1763,-2084,3516
4099,-927,-1514,3517
4100,0,-796,3517
4101,927,0,3517
4102,1763,795,3517
4103,2427,1513,3517
4104,2853,2083,3518
4105,3000,2450,3518
4106,2853,2576,3518
4107,2427,2450,3518
4108,1763,2084,3518
4109,927,1514,3519
4110,0,796,3519
4111,-927,0,3519
4112,-1763,-797,3519
4113,-2427,-1515,3519
4114,-2853,-2086,3520
4115,-3000,-2452,3520
4116,-2853,-2579,3520
4117,-2427,-2452,3520
4118,-1763,-2086,3520
4119,-927,-1516,3521
4120,0,-797,3521
4121,927,0,3521
4122,1763,796,3521
4123,2427,1515,3521
4124,2853,2086,3522
4125,3000,2453,3522
4126,2853,2579,3522
4127,2427,2453,3522
4128,1763,2086,3522
4129,927,1515,3523
4130,0,797,3523
4131,-927,0,3523
4132,-1763,-798,3523
4133,-2427,-1517,3523
4134,-2853,-2088,3524
4135,-3000,-2455,3524
4136,-2853,-2582,3524
4137,-2427,-2455,3524
4138,-1763,-2089,3524
4139,-927,-1517,3525
4140,0,-798,3525
4141,927,0,3525
4142,1763,797,3525
4143,2427,1517,3525
4144,2853,2088,3526
4145,3000,2455,3526
4146,2853,2582,3526
4147,2427,2455,3526
4148,1763,2089,3526
4149,927,1517,3527
4150,0,798,3527
4151,-927,0,3527
4152,-1763,-799,3527
4153,-2427,-1519,3527
4154,-2853,-2090,3528
4155,-3000,-2458,3528
4156,-2853,-2584,3528
4157,-2427,-2458,3528
4158,-1763,-2091,3528
4159,-927,-1519,3529
4160,0,-799,3529
4161,927,0,3529
4162,1763,798,3529
4163,2427,1518,3529
4164,2853,2091,3530
4165,3000,2458,3530
4166,2853,2585,3530
4167,2427,2458,3530
4168,1763,2091,3530
4169,927,1519,3531
4170,0,799,3531
4171,-927,0,3531
4172,-1763,-800,3531
4173,-2427,-1520,3531
4174,-2853,-2093,3532
4175,-3000,-2461,3532
4176,-2853,-2587,3532
4177,-2427,-2461,3532
4178,-1763,-2093,3532
4179,-927,-1521,3533
4180,0,-800,3533
4181,927,0,3533
4182,1763,799,3533
4183,2427,1520,3533
4184,2853,2093,3534
4185,3000,2461,3534
4186,2853,2588,3534
4187,2427,2461,3534
4188,1763,2093,3534
4189,927,1521,3535
4190,0,800,3535
4191,-927,0,3535
4192,-1763,-801,3535
4193,-2427,-1522,3535
4194,-2853,-2095,3536
4195,-3000,-2463,3536
4196,-2853,-2590,3536
4197,-2427,-2463,3536
4198,-1763,-2096,3536
4199,-927,-1522,3537
4200,0,-801,3537
4201,927,0,3537
4202,1763,800,3537
4203,2427,1522,3537
4204,2853,2095,3538
4205,3000,2464,3538
4206,2853,2591,3538
4207,2427,2464,3538
4208,1763,2096,3538
4209,927,1522,3539
4210,0,800,3539
4211,-927,0,3539
4212,-1763,-801,3539
4213,-2427,-1524,3539
4214,-2853,-2097,3540
4215,-3000,-2466,3540
4216,-2853,-2593,3540
4217,-2427,-2466,3540
4218,-1763,-2098,3540
4219,-927,-1524,3541
4220,0,-802,3541
4221,927,0,3541
4222,1763,801,3541
4223,2427,1524,3541
4224,2853,2098,3542
4225,3000,2467,3542
4226,2853,2594,3542
4227,2427,2467,3542
4228,1763,2098,3542
4229,927,1524,3543
4230,0,801,3543
4231,-927,0,3543
4232,-1763,-802,3543
4233,-2427,-1525,3543
4234,-2853,-2100,3544
4235,-3000,-2469,3544
4236,-2853,-2596,3544
4237,-2427,-2469,3544
4238,-1763,-2100,3544
4239,-927,-1526,3545
4240,0,-803,3545
4241,927,0,3545
4242,1763,802,3545
4243,2427,1525,3545
4244,2853,2100,3546
4245,3000,2469,3546
4246,2853,2597,3546
4247,2427,2469,3546
4248,1763,2101,3546
4249,927,1526,3547
4250,0,802,3547
4251,-927,0,3547
4252,-1763,-803,3547
4253,-2427,-1527,3547
4254,-2853,-2102,3548
4255,-3000,-2472,3548
4256,-2853,-2599,3548
4257,-2427,-2472,3548
4258,-1763,-2103,3548
4259,-927,-1528,3549
4260,0,-804,3549
4261,927,0,3549
4262,1763,803,3549
4263,2427,1527,3549
4264,2853,2102,3550
4265,3000,2472,3550
4266,2853,2600,3550
4267,2427,2472,3550
4268,1763,2103,3550
4269,927,1527,3551
4270,0,803,3551
4271,-927,0,3551
4272,-1763,-804,3551
4273,-2427,-1529,3551
4274,-2853,-2105,3552
4275,-3000,-2475,3552
4276,-2853,-2602,3552
4277,-2427,-2475,3552
4278,-1763,-2105,3552
4279,-927,-1529,3553
4280,0,-805,3553
4281,927,0,3553
4282,1763,804,3553
4283,2427,1529,3553
4284,2853,2105,3554
4285,3000,2475,3554
4286,2853,2603,3554
4287,2427,2475,3554
4288,1763,2105,3554
4289,927,1529,3555
4290,0,804,3555
4291,-927,0,3555
4292,-1763,-805,3555
4293,-2427,-1531,3555
4294,-2853,-2107,3556
4295,-3000,-2477,3556
4296,-2853,-2605,3556
4297,-2427,-2477,3556
4298,-1763,-2108,3556
4299,-927,-1531,3557
4300,0,-806,3557
4301,927,0,3557
4302,1763,805,3557
4303,2427,1531,3557
4304,2853,2107,3558
4305,3000,2478,3558
4306,2853,2605,3558
4307,2427,2478,3558
4308,1763,2108,3558
4309,927,1531,3559
4310,0,805,3559
4311,-927,0,3559
4312,-1763,-806,3559
4313,-2427,-1532,3559
4314,-2853,-2109,3560
4315,-3000,-2480,3560
4316,-2853,-2608,3560
4317,-2427,-2480,3560
4318,-1763,-2110,3560
4319,-927,-1533,3561
4320,0,-806,3561
4321,927,0,3561
4322,1763,805,3561
4323,2427,1532,3561
4324,2853,2109,3562
4325,3000,2481,3562
4326,2853,2608,3562
4327,2427,2481,3562
4328,1763,2110,3562
4329,927,1533,3563
4330,0,806,3563
4331,-927,0,3563
4332,-1763,-807,3563
4333,-2427,-1534,3563
4334,-2853,-2112,3564
4335,-3000,-2483,3564
4336,-2853,-2611,3564
4337,-2427,-2483,3564
4338,-1763,-2112,3564
4339,-927,-1535,3565
4340,0,-807,3565
4341,927,0,3565
4342,1763,806,3565
4343,2427,1534,3565
4344,2853,2112,3566
4345,3000,2483,3566
4346,2853,2611,3566
4347,2427,2483,3566
4348,1763,2112,3566
4349,927,1534,3567
4350,0,807,3567
4351,-927,0,3567
4352,-1763,-808,3567
4353,-2427,-1536,3567
4354,-2853,-2114,3568
4355,-3000,-2486,3568
4356,-2853,-2614,3568
4357,-2427,-2486,3568
4358,-1763,-2115,3568
4359,-927,-1536,3569
4360,0,-808,3569
4361,927,0,3569
4362,1763,807,3569
4363,2427,1536,3569
4364,2853,2114,3570
4365,3000,2486,3570
4366,2853,2614,3570
4367,2427,2486,3570
4368,1763,2115,3570
4369,927,1536,3571
4370,0,808,3571
4371,-927,0,3571
4372,-1763,-809,3571
4373,-2427,-1538,3571
4374,-2853,-2116,3572
4375,-3000,-2489,3572
4376,-2853,-2617,3572
4377,-2427,-2489,3572
4378,-1763,-2117,3572
4379,-927,-1538,3573
4380,0,-809,3573
4381,927,0,3573
4382,1763,808,3573
4383,2427,1537,3573
4384,2853,2117,3574
4385,3000,2489,3574
4386,2853,2617,3574
4387,2427,2489,3574
4388,1763,2117,3574
4389,927,1538,3575
4390,0,809,3575
4391,-927,0,3575
4392,-1763,-810,3575
4393,-2427,-1539,3575
4394,-2853,-2119,3576
4395,-3000,-2491,3576
4396,-2853,-2620,3576
4397,-2427,-2491,3576
4398,-1763,-2119,3576
4399,-927,-1540,3577
4400,0,-810,3577
4401,927,0,3577
4402,1763,809,3577
4403,2427,1539,3577
4404,2853,2119,3578
4405,3000,2492,3578
4406,2853,2620,3578
4407,2427,2492,3578
4408,1763,2120,3578
4409,927,1540,3579
4410,0,809,3579
4411,-927,0,3579
4412,-1763,-810,3579
4413,-2427,-1541,3579
4414,-2853,-2121,3580
4415,-3000,-2494,3580
4416,-2853,-2623,3580
4417,-2427,-2494,3580
4418,-1763,-2122,3580
4419,-927,-1541,3581
4420,0,-811,3581
4421,927,0,3581
4422,1763,810,3581
4423,2427,1541,3581
4424,2853,2121,3582
4425,3000,2494,3582
4426,2853,2623,3582
4427,2427,2494,3582
4428,1763,2122,3582
4429,927,1541,3583
4430,0,810,3583
4431,-927,0,3583
4432,-1763,-811,3583
4433,-2427,-1543,3583
4434,-2853,-2124,3584
4435,-3000,-2497,3584
4436,-2853,-2625,3584
4437,-2427,-2497,3584
4438,-1763,-2124,3584
4439,-927,-1543,3585
4440,0,-812,3585
4441,927,0,3585
4442,1763,811,3585
4443,2427,1543,3585
4444,2853,2124,3586
4445,3000,2497,3586
4446,2853,2626,3586
4447,2427,2497,3586
4448,1763,2124,3586
4449,927,1543,3587
4450,0,811,3587
4451,-927,0,3587
4452,-1763,-812,3587
4453,-2427,-1544,3587
4454,-2853,-2126,3588
4455,-3000,-2500,3588
4456,-2853,-2628,3588
4457,-2427,-2500,3588
4458,-1763,-2126,3588
4459,-927,-1545,3589
4460,0,-813,3589
4461,927,0,3589
4462,1763,812,3589
4463,2427,1544,3589
4464,2853,2126,3590
4465,3000,2500,3590
4466,2853,2629,3590
4467,2427,2500,3590
4468,1763,2127,3590
4469,927,1545,3591
4470,0,812,3591
4471,-927,0,3591
4472,-1763,-813,3591
4473,-2427,-1546,3591
4474,-2853,-2128,3592
4475,-3000,-2502,3592
4476,-2853,-2631,3592
4477,-2427,-2502,3592
4478,-1763,-2129,3592
4479,-927,-1547,3593
4480,0,-814,3593
4481,927,0,3593
4482,1763,813,3593
4483,2427,1546,3593
4484,2853,2128,3594
4485,3000,2503,3594
4486,2853,2632,3594
4487,2427,2503,3594
4488,1763,2129,3594
4489,927,1546,3595
4490,0,813,3595
4491,-927,0,3595
4492,-1763,-814,3595
4493,-2427,-1548,3595
4494,-2853,-2131,3596
4495,-3000,-2505,3596
4496,-2853,-2634,3596
4497,-2427,-2505,3596
4498,-1763,-2131,3596
4499,-927,-1548,3597
4500,0,-815,3597
4501,927,0,3597
4502,1763,814,3597
4503,2427,1548,3597
4504,2853,2131,3598
4505,3000,2506,3598
4506,2853,2635,3598
4507,2427,2506,3598
4508,1763,2131,3598
4509,927,1548,3599
4510,0,814,3599
4511,-927,0,3599
4512,-1763,-815,3599
4513,-2427,-1550,3599
4514,-2853,-2133,3600
4515,-3000,-2508,3600
4516,-2853,-2637,3600
4517,-2427,-2508,3600
4518,-1763,-2134,3600
4519,-927,-1550,3601
4520,0,-815,3601
4521,927,0,3601
4522,1763,814,3601
4523,2427,1549,3601
4524,2853,2133,3602
4525,3000,2508,3602
4526,2853,2638,3602
4527,2427,2508,3602
4528,1763,2134,3602
4529,927,1550,3603
4530,0,815,3603
4531,-927,0,3603
4532,-1763,-816,3603
4533,-2427,-1551,3603
4534,-2853,-2135,3604
4535,-3000,-2511,3604
4536,-2853,-2640,3604
4537,-2427,-2511,3604
4538,-1763,-2136,3604
4539,-927,-1552,3605
4540,0,-816,3605
4541,927,0,3605
4542,1763,815,3605
4543,2427,1551,3605
4544,2853,2136,3606
4545,3000,2511,3606
4546,2853,2641,3606
4547,2427,2511,3606
4548,1763,2136,3606
4549,927,1552,3607
4550,0,816,3607
4551,-927,0,3607
4552,-1763,-817,3607
4553,-2427,-1553,3607
4554,-2853,-2138,3608
4555,-3000,-2514,3608
4556,-2853,-2643,3608
4557,-2427,-2514,3608
4558,-1763,-2138,3608
4559,-927,-1553,3609
4560,0,-817,3609
4561,927,0,3609
4562,1763,816,3609
4563,2427,1553,3609
4564,2853,2138,3610
4565,3000,2514,3610
4566,2853,2644,3610
4567,2427,2514,3610
4568,1763,2139,3610
4569,927,1553,3611
4570,0,817,3611
4571,-927,0,3611
4572,-1763,-818,3611
4573,-2427,-1555,3611
4574,-2853,-2140,3612
4575,-3000,-2516,3612
4576,-2853,-2646,3612
4577,-2427,-2516,3612
4578,-1763,-2141,3612
4579,-927,-1555,3613
4580,0,-818,3613
4581,927,0,3613
4582,1763,817,3613
4583,2427,1555,3613
4584,2853,2140,3614
4585,3000,2517,3614
4586,2853,2646,3614
4587,2427,2517,3614
4588,1763,2141,3614
4589,927,1555,3615
4590,0,818,3615
4591,-927,0,3615
4592,-1763,-819,3615
4593,-2427,-1556,3615
4594,-2853,-2142,3616
4595,-3000,-2519,3616
4596,-2853,-2649,3616
4597,-2427,-2519,3616
4598,-1763,-2143,3616
4599,-927,-1557,3617
4600,0,-819,3617
4601,927,0,3617
4602,1763,818,3617
4603,2427,1556,3617
4604,2853,2143,3618
4605,3000,2520,3618
4606,2853,2649,3618
4607,2427,2520,3618
4608,1763,2143,3618
4609,927,1557,3619
4610,0,819,3619
4611,-927,0,3619
4612,-1763,-820,3619
4613,-2427,-1558,3619
4614,-2853,-2145,3620
4615,-3000,-2522,3620
4616,-2853,-2652,3620
4617,-2427,-2522,3620
4618,-1763,-2145,3620
4619,-927,-1559,3621
4620,0,-820,3621
4621,927,0,3621
4622,1763,819,3621
4623,2427,1558,3621
4624,2853,2145,3622
4625,3000,2522,3622
4626,2853,2652,3622
4627,2427,2522,3622
4628,1763,2146,3622
4629,927,1558,3623
4630,0,819,3623
4631,-927,0,3623
4632,-1763,-820,3623
4633,-2427,-1560,3623
4634,-2853,-2147,3624
4635,-3000,-2525,3624
4636,-2853,-2655,3624
4637,-2427,-2525,3624
4638,-1763,-2148,3624
4639,-927,-1560,3625
4640,0,-821,3625
4641,927,0,3625
4642,1763,820,3625
4643,2427,1560,3625
4644,2853,2147,3626
4645,3000,2525,3626
4646,2853,2655,3626
4647,2427,2525,3626
4648,1763,2148,3626
4649,927,1560,3627
4650,0,820,3627
4651,-927,0,3627
4652,-1763,-821,3627
4653,-2427,-1562,3627
4654,-2853,-2150,3628
4655,-3000,-2528,3628
4656,-2853,-2658,3628
4657,-2427,-2528,3628
4658,-1763,-2150,3628
4659,-927,-1562,3629
4660,0,-822,3629
4661,927,0,3629
4662,1763,821,3629
4663,2427,1561,3629
4664,2853,2150,3630
4665,3000,2528,3630
4666,2853,2658,3630
4667,2427,2528,3630
4668,1763,2150,3630
4669,927,1562,3631
4670,0,821,3631
4671,-927,0,3631
4672,-1763,-822,3631
4673,-2427,-1563,3631
4674,-2853,-2152,3632
4675,-3000,-2530,3632
4676,-2853,-2661,3632
4677,-2427,-2530,3632
4678,-1763,-2153,3632
4679,-927,-1564,3633
4680,0,-823,3633
4681,927,0,3633
4682,1763,822,3633
4683,2427,1563,3633
4684,2853,2152,3634
4685,3000,2531,3634
4686,2853,2661,3634
4687,2427,2531,3634
4688,1763,2153,3634
4689,927,1564,3635
4690,0,822,3635
4691,-927,0,3635
4692,-1763,-823,3635
4693,-2427,-1565,3635
4694,-2853,-2154,3636
4695,-3000,-2533,3636
4696,-2853,-2664,3636
4697,-2427,-2533,3636
4698,-1763,-2155,3636
4699,-927,-1566,3637
4700,0,-824,3637
4701,927,0,3637
4702,1763,823,3637
4703,2427,1565,3637
4704,2853,2155,3638
4705,3000,2533,3638
4706,2853,2664,3638
4707,2427,2533,3638
4708,1763,2155,3638
4709,927,1565,3639
4710,0,823,3639
4711,-927,0,3639
4712,-1763,-824,3639
4713,-2427,-1567,3639
4714,-2853,-2157,3640
4715,-3000,-2536,3640
4716,-2853,-2667,3640
4717,-2427,-2536,3640
4718,-1763,-2157,3640
4719,-927,-1567,3641
4720,0,-825,3641
4721,927,0,3641
4722,1763,824,3641
4723,2427,1567,3641
4724,2853,2157,3642
4725,3000,2536,3642
4726,2853,2667,3642
4727,2427,2536,3642
4728,1763,2157,3642
4729,927,1567,3643
4730,0,824,3643
4731,-927,0,3643
4732,-1763,-825,3643
4733,-2427,-1569,3643
4734,-2853,-2159,3644
4735,-3000,-2539,3644
4736,-2853,-2669,3644
4737,-2427,-2539,3644
4738,-1763,-2160,3644
4739,-927,-1569,3645
4740,0,-825,3645
4741,927,0,3645
4742,1763,824,3645
4743,2427,1568,3645
4744,2853,2159,3646
4745,3000,2539,3646
4746,2853,2670,3646
4747,2427,2539,3646
4748,1763,2160,3646
4749,927,1569,3647
4750,0,825,3647
4751,-927,0,3647
4752,-1763,-826,3647
4753,-2427,-1570,3647
4754,-2853,-2161,3648
4755,-3000,-2541,3648
4756,-2853,-2672,3648
4757,-2427,-2541,3648
4758,-1763,-2162,3648
4759,-927,-1571,3649
4760,0,-826,3649
4761,927,0,3649
4762,1763,825,3649
4763,2427,1570,3649
4764,2853,2162,3650
4765,3000,2542,3650
4766,2853,2673,3650
4767,2427,2542,3650
4768,1763,2162,3650
4769,927,1571,3651
4770,0,826,3651
4771,-927,0,3651
4772,-1763,-827,3651
4773,-2427,-1572,3651
4774,-2853,-2164,3652
4775,-3000,-2544,3652
4776,-2853,-2675,3652
4777,-2427,-2544,3652
4778,-1763,-2164,3652
4779,-927,-1572,3653
4780,0,-827,3653
4781,927,0,3653
4782,1763,826,3653
4783,2427,1572,3653
4784,2853,2164,3654
4785,3000,2545,3654
4786,2853,2676,3654
4787,2427,2545,3654
4788,1763,2165,3654
4789,927,1572,3655
4790,0,827,3655
4791,-927,0,3655
4792,-1763,-828,3655
4793,-2427,-1574,3655
4794,-2853,-2166,3656
4795,-3000,-2547,3656
4796,-2853,-2678,3656
4797,-2427,-2547,3656
4798,-1763,-2167,3656
4799,-927,-1574,3657
4800,0,-828,3657
4801,927,0,3657
4802,1763,827,3657
4803,2427,1574,3657
4804,2853,2166,3658
4805,3000,2547,3658
4806,2853,2679,3658
4807,2427,2547,3658
4808,1763,2167,3658
4809,927,1574,3659
4810,0,828,3659
4811,-927,0,3659
4812,-1763,-829,3659
4813,-2427,-1575,3659
4814,-2853,-2169,3660
4815,-3000,-2550,3660
4816,-2853,-2681,3660
4817,-2427,-2550,3660
4818,-1763,-2169,3660
4819,-927,-1576,3661
4820,0,-829,3661
4821,927,0,3661
4822,1763,828,3661
4823,2427,1575,3661
4824,2853,2169,3662
4825,3000,2550,3662
4826,2853,2682,3662
4827,2427,2550,3662
4828,1763,2169,3662
4829,927,1576,3663
4830,0,829,3663
4831,-927,0,3663
4832,-1763,-830,3663
4833,-2427,-1577,3663
4834,-2853,-2171,3664
4835,-3000,-2553,3664
4836,-2853,-2684,3664
4837,-2427,-2553,3664
4838,-1763,-2172,3664
4839,-927,-1578,3665
4840,0,-830,3665
4841,927,0,3665
4842,1763,829,3665
4843,2427,1577,3665
4844,2853,2171,3666
4845,3000,2553,3666
4846,2853,2685,3666
4847,2427,2553,3666
4848,1763,2172,3666
4849,927,1577,3667
4850,0,829,3667
4851,-927,0,3667
4852,-1763,-830,3667
4853,-2427,-1579,3667
4854,-2853,-2173,3668
4855,-3000,-2555,3668
4856,-2853,-2687,3668
4857,-2427,-2555,3668
4858,-1763,-2174,3668
4859,-927,-1579,3669
4860,0,-831,3669
4861,927,0,3669
4862,1763,830,3669
4863,2427,1579,3669
4864,2853,2173,3670
4865,3000,2556,3670
4866,2853,2687,3670
4867,2427,2556,3670
4868,1763,2174,3670
4869,927,1579,3671
4870,0,830,3671
4871,-927,0,3671
4872,-1763,-831,3671
4873,-2427,-1581,3671
4874,-2853,-2176,3672
4875,-3000,-2558,3672
4876,-2853,-2690,3672
4877,-2427,-2558,3672
4878,-1763,-2176,3672
4879,-927,-1581,3673
4880,0,-832,3673
4881,927,0,3673
4882,1763,831,3673
4883,2427,1580,3673
4884,2853,2176,3674
4885,3000,2559,3674
4886,2853,2690,3674
4887,2427,2559,3674
4888,1763,2176,3674
4889,927,1581,3675
4890,0,831,3675
4891,-927,0,3675
4892,-1763,-832,3675
4893,-2427,-1582,3675
4894,-2853,-2178,3676
4895,-3000,-2561,3676
4896,-2853,-2693,3676
4897,-2427,-2561,3676
4898,-1763,-2179,3676
4899,-927,-1583,3677
4900,0,-833,3677
4901,927,0,3677
4902,1763,832,3677
4903,2427,1582,3677
4904,2853,2178,3678
4905,3000,2561,3678
4906,2853,2693,3678
4907,2427,2561,3678
4908,1763,2179,3678
4909,927,1583,3679
4910,0,832,3679
4911,-927,0,3679
4912,-1763,-833,3679
4913,-2427,-1584,3679
4914,-2853,-2180,3680
4915,-3000,-2564,3680
4916,-2853,-2696,3680
4917,-2427,-2564,3680
4918,-1763,-2181,3680
4919,-927,-1584,3681
4920,0,-834,3681
4921,927,0,3681
4922,1763,833,3681
4923,2427,1584,3681
4924,2853,2181,3682
4925,3000,2564,3682
4926,2853,2696,3682
4927,2427,2564,3682
4928,1763,2181,3682
4929,927,1584,3683
4930,0,833,3683
4931,-927,0,3683
4932,-1763,-834,3683
4933,-2427,-1586,3683
4934,-2853,-2183,3684
4935,-3000,-2567,3684
4936,-2853,-2699,3684
4937,-2427,-2567,3684
4938,-1763,-2183,3684
4939,-927,-1586,3685
4940,0,-834,3685
4941,927,0,3685
4942,1763,833,3685
4943,2427,1586,3685
4944,2853,2183,3686
4945,3000,2567,3686
4946,2853,2699,3686
4947,2427,2567,3686
4948,1763,2184,3686
4949,927,1586,3687
4950,0,834,3687
4951,-927,0,3687
4952,-1763,-835,3687
4953,-2427,-1587,3687
4954,-2853,-2185,3688
4955,-3000,-2569,3688
4956,-2853,-2702,3688
4957,-2427,-2569,3688
4958,-1763,-2186,3688
4959,-927,-1588,3689
4960,0,-835,3689
4961,927,0,3689
4962,1763,834,3689
4963,2427,1587,3689
4964,2853,2185,3690
4965,3000,2570,3690
4966,2853,2702,3690
4967,2427,2570,3690
4968,1763,2186,3690
4969,927,1588,3691
4970,0,835,3691
4971,-927,0,3691
4972,-1763,-836,3691
4973,-2427,-1589,3691
4974,-2853,-2188,3692
4975,-3000,-2572,3692
4976,-2853,-2705,3692
4977,-2427,-2572,3692
4978,-1763,-2188,3692
4979,-927,-1590,3693
4980,0,-836,3693
4981,927,0,3693
4982,1763,835,3693
4983,2427,1589,3693
4984,2853,2188,3694
4985,3000,2572,3694
4986,2853,2705,3694
4987,2427,2572,3694
4988,1763,2188,3694
4989,927,1589,3695
4990,0,836,3695
4991,-927,0,3695
4992,-1763,-837,3695
4993,-2427,-1591,3695
4994,-2853,-2190,3696
4995,-3000,-2575,3696
4996,-2853,-2708,3696
4997,-2427,-2575,3696
4998,-1763,-2190,3696
4999,-927,-1591,3697
5000,0,-837,3697
5001,927,0,3697
5002,1763,836,3697
5003,2427,1591,3697
5004,2853,2190,3698
5005,3000,2575,3698
5006,2853,2708,3698
5007,2427,2575,3698
5008,1763,2191,3698
5009,927,1591,3699
5010,0,837,3699
5011,-927,0,3699
5012,-1763,-838,3699
5013,-2427,-1593,3699
5014,-2853,-2192,3700
5015,-3000,-2578,3700
5016,-2853,-2710,3700
5017,-2427,-2578,3700
5018,-1763,-2193,3700
5019,-927,-1593,3701
5020,0,-838,3701
5021,927,0,3701
5022,1763,837,3701
5023,2427,1592,3701
5024,2853,2192,3702
5025,3000,2578,3702
5026,2853,2711,3702
5027,2427,2578,3702
5028,1763,2193,3702
5029,927,1593,3703
5030,0,838,3703
5031,-927,0,3703
5032,-1763,-839,3703
5033,-2427,-1594,3703
5034,-2853,-2195,3704
5035,-3000,-2580,3704
5036,-2853,-2713,3704
5037,-2427,-2580,3704
5038,-1763,-2195,3704
5039,-927,-1595,3705
5040,0,-839,3705
5041,927,0,3705
5042,1763,838,3705
5043,2427,1594,3705
5044,2853,2195,3706
5045,3000,2581,3706
5046,2853,2714,3706
5047,2427,2581,3706
5048,1763,2195,3706
5049,927,1595,3707
5050,0,838,3707
5051,-927,0,3707
5052,-1763,-839,3707
5053,-2427,-1596,3707
5054,-2853,-2197,3708
5055,-3000,-2583,3708
5056,-2853,-2716,3708
5057,-2427,-2583,3708
5058,-1763,-2198,3708
5059,-927,-1596,3709
5060,0,-840,3709
5061,927,0,3709
5062,1763,839,3709
5063,2427,1596,3709
5064,2853,2197,3710
5065,3000,2584,3710
5066,2853,2717,3710
5067,2427,2584,3710
5068,1763,2198,3710
5069,927,1596,3711
5070,0,839,3711
5071,-927,0,3711
5072,-1763,-840,3711
5073,-2427,-1598,3711
5074,-2853,-2199,3712
5075,-3000,-2586,3712
5076,-2853,-2719,3712
5077,-2427,-2586,3712
5078,-1763,-2200,3712
5079,-927,-1598,3713
5080,0,-841,3713
5081,927,0,3713
5082,1763,840,3713
5083,2427,1598,3713
5084,2853,2200,3714
5085,3000,2586,3714
5086,2853,2720,3714
5087,2427,2586,3714
5088,1763,2200,3714
5089,927,1598,3715
5090,0,840,3715
5091,-927,0,3715
5092,-1763,-841,3715
5093,-2427,-1600,3715
5094,-2853,-2202,3716
5095,-3000,-2589,3716
5096,-2853,-2722,3716
5097,-2427,-2589,3716
5098,-1763,-2202,3716
5099,-927,-1600,3717
5100,0,-842,3717
5101,927,0,3717
5102,1763,841,3717
5103,2427,1599,3717
5104,2853,2202,3718
5105,3000,2589,3718
5106,2853,2723,3718
5107,2427,2589,3718
5108,1763,2203,3718
5109,927,1600,3719
5110,0,841,3719
5111,-927,0,3719
5112,-1763,-842,3719
5113,-2427,-1601,3719
5114,-2853,-2204,3720
5115,-3000,-2592,3720
5116,-2853,-2725,3720
5117,-2427,-2592,3720
5118,-1763,-2205,3720
5119,-927,-1602,3721
5120,0,-843,3721
5121,927,0,3721
5122,1763,842,3721
5123,2427,1601,3721
5124,2853,2204,3722
5125,3000,2592,3722
5126,2853,2726,3722
5127,2427,2592,3722
5128,1763,2205,3722
5129,927,1602,3723
5130,0,842,3723
5131,-927,0,3723
5132,-1763,-843,3723
5133,-2427,-1603,3723
5134,-2853,-2206,3724
5135,-3000,-2594,3724
5136,-2853,-2728,3724
5137,-2427,-2594,3724
5138,-1763,-2207,3724
5139,-927,-1603,3725
5140,0,-844,3725
5141,927,0,3725
5142,1763,843,3725
5143,2427,1603,3725
5144,2853,2207,3726
5145,3000,2595,3726
5146,2853,2729,3726
5147,2427,2595,3726
5148,1763,2207,3726
5149,927,1603,3727
5150,0,843,3727
5151,-927,0,3727
5152,-1763,-844,3727
5153,-2427,-1605,3727
5154,-2853,-2209,3728
5155,-3000,-2597,3728
5156,-2853,-2731,3728
5157,-2427,-2597,3728
5158,-1763,-2209,3728
5159,-927,-1605,3729
5160,0,-844,3729
5161,927,0,3729
5162,1763,843,3729
5163,2427,1605,3729
5164,2853,2209,3730
5165,3000,2598,3730
5166,2853,2731,3730
5167,2427,2598,3730
5168,1763,2210,3730
5169,927,1605,3731
5170,0,844,3731
5171,-927,0,3731
5172,-1763,-845,3731
5173,-2427,-1606,3731
5174,-2853,-2211,3732
5175,-3000,-2600,3732
5176,-2853,-2734,3732
5177,-2427,-2600,3732
5178,-1763,-2212,3732
5179,-927,-1607,3733
5180,0,-845,3733
5181,927,0,3733
5182,1763,844,3733
5183,2427,1606,3733
5184,2853,2211,3734
5185,3000,2600,3734
5186,2853,2734,3734
5187,2427,2600,3734
5188,1763,2212,3734
5189,927,1607,3735
5190,0,845,3735
5191,-927,0,3735
5192,-1763,-846,3735
5193,-2427,-1608,3735
5194,-2853,-2214,3736
5195,-3000,-2603,3736
5196,-2853,-2737,3736
5197,-2427,-2603,3736
5198,-1763,-2214,3736
5199,-927,-1609,3737
5200,0,-846,3737
5201,927,0,3737
5202,1763,845,3737
5203,2427,1608,3737
5204,2853,2214,3738
5205,3000,2603,3738
5206,2853,2737,3738
5207,2427,2603,3738
5208,1763,2214,3738
5209,927,1608,3739
5210,0,846,3739
5211,-927,0,3739
5212,-1763,-847,3739
5213,-2427,-1610,3739
5214,-2853,-2216,3740
5215,-3000,-2606,3740
5216,-2853,-2740,3740
5217,-2427,-2606,3740
5218,-1763,-2217,3740
5219,-927,-1610,3741
5220,0,-847,3741
5221,927,0,3741
5222,1763,846,3741
5223,2427,1610,3741
5224,2853,2216,3742
5225,3000,2606,3742
5226,2853,2740,3742
5227,2427,2606,3742
5228,1763,2217,3742
5229,927,1610,3743
5230,0,847,3743
5231,-927,0,3743
5232,-1763,-848,3743
5233,-2427,-1612,3743
5234,-2853,-2218,3744
5235,-3000,-2608,3744
5236,-2853,-2743,3744
5237,-2427,-2608,3744
5238,-1763,-2219,3744
5239,-927,-1612,3745
5240,0,-848,3745
5241,927,0,3745
5242,1763,847,3745
5243,2427,1611,3745
5244,2853,2219,3746
5245,3000,2609,3746
5246,2853,2743,3746
5247,2427,2609,3746
5248,1763,2219,3746
5249,927,1612,3747
5250,0,848,3747
5251,-927,0,3747
5252,-1763,-849,3747
5253,-2427,-1613,3747
5254,-2853,-2221,3748
5255,-3000,-2611,3748
5256,-2853,-2746,3748
5257,-2427,-2611,3748
5258,-1763,-2221,3748
5259,-927,-1614,3749
5260,0,-849,3749
5261,927,0,3749
5262,1763,848,3749
5263,2427,1613,3749
5264,2853,2221,3750
5265,3000,2611,3750
5266,2853,2746,3750
5267,2427,2611,3750
5268,1763,2221,3750
5269,927,1614,3751
5270,0,848,3751
5271,-927,0,3751
5272,-1763,-849,3751
5273,-2427,-1615,3751
5274,-2853,-2223,3752
5275,-3000,-2614,3752
5276,-2853,-2749,3752
5277,-2427,-2614,3752
5278,-1763,-2224,3752
5279,-927,-1615,3753
5280,0,-850,3753
5281,927,0,3753
5282,1763,849,3753
5283,2427,1615,3753
5284,2853,2223,3754
5285,3000,2614,3754
5286,2853,2749,3754
5287,2427,2614,3754
5288,1763,2224,3754
5289,927,1615,3755
5290,0,849,3755
5291,-927,0,3755
5292,-1763,-850,3755
5293,-2427,-1617,3755
5294,-2853,-2225,3756
5295,-3000,-2617,3756
5296,-2853,-2751,3756
5297,-2427,-2617,3756
5298,-1763,-2226,3756
5299,-927,-1617,3757
5300,0,-851,3757
5301,927,0,3757
5302,1763,850,3757
5303,2427,1617,3757
5304,2853,2226,3758
5305,3000,2617,3758
5306,2853,2752,3758
5307,2427,2617,3758
5308,1763,2226,3758
5309,927,1617,3759
5310,0,850,3759
5311,-927,0,3759
5312,-1763,-851,3759
5313,-2427,-1618,3759
5314,-2853,-2228,3760
5315,-3000,-2619,3760
5316,-2853,-2754,3760
5317,-2427,-2619,3760
5318,-1763,-2228,3760
5319,-927,-1619,3761
5320,0,-852,3761
5321,927,0,3761
5322,1763,851,3761
5323,2427,1618,3761
5324,2853,2228,3762
5325,3000,2620,3762
5326,2853,2755,3762
5327,2427,2620,3762
5328,1763,2229,3762
5329,927,1619,3763
5330,0,851,3763
5331,-927,0,3763
5332,-1763,-852,3763
5333,-2427,-1620,3763
5334,-2853,-2230,3764
5335,-3000,-2622,3764
5336,-2853,-2757,3764
5337,-2427,-2622,3764
5338,-1763,-2231,3764
5339,-927,-1621,3765
5340,0,-853,3765
5341,927,0,3765
5342,1763,852,3765
5343,2427,1620,3765
5344,2853,2230,3766
5345,3000,2623,3766
5346,2853,2758,3766
5347,2427,2623,3766
5348,1763,2231,3766
5349,927,1620,3767
5350,0,852,3767
5351,-927,0,3767
5352,-1763,-853,3767
5353,-2427,-1622,3767
5354,-2853,-2233,3768
5355,-3000,-2625,3768
5356,-2853,-2760,3768
5357,-2427,-2625,3768
5358,-1763,-2233,3768
5359,-927,-1622,3769
5360,0,-853,3769
5361,927,0,3769
5362,1763,852,3769
5363,2427,1622,3769
5364,2853,2233,3770
5365,3000,2625,3770
5366,2853,2761,3770
5367,2427,2625,3770
5368,1763,2233,3770
5369,927,1622,3771
5370,0,853,3771
5371,-927,0,3771
5372,-1763,-854,3771
5373,-2427,-1624,3771
5374,-2853,-2235,3772
5375,-3000,-2628,3772
5376,-2853,-2763,3772
5377,-2427,-2628,3772
5378,-1763,-2236,3772
5379,-927,-1624,3773
5380,0,-854,3773
5381,927,0,3773
5382,1763,853,3773
5383,2427,1623,3773
5384,2853,2235,3774
5385,3000,2628,3774
5386,2853,2764,3774
5387,2427,2628,3774
5388,1763,2236,3774
5389,927,1624,3775
5390,0,854,3775
5391,-927,0,3775
5392,-1763,-855,3775
5393,-2427,-1625,3775
5394,-2853,-2237,3776
5395,-3000,-2631,3776
5396,-2853,-2766,3776
5397,-2427,-2631,3776
5398,-1763,-2238,3776
5399,-927,-1626,3777
5400,0,-855,3777
5401,927,0,3777
5402,1763,854,3777
5403,2427,1625,3777
5404,2853,2237,3778
5405,3000,2631,3778
5406,2853,2767,3778
5407,2427,2631,3778
5408,1763,2238,3778
5409,927,1626,3779
5410,0,855,3779
5411,-927,0,3779
5412,-1763,-856,3779
5413,-2427,-1627,3779
5414,-2853,-2240,3780
5415,-3000,-2633,3780
5416,-2853,-2769,3780
5417,-2427,-2633,3780
5418,-1763,-2240,3780
5419,-927,-1627,3781
5420,0,-856,3781
5421,927,0,3781
5422,1763,855,3781
5423,2427,1627,3781
5424,2853,2240,3782
5425,3000,2634,3782
5426,2853,2770,3782
5427,2427,2634,3782
5428,1763,2240,3782
5429,927,1627,3783
5430,0,856,3783
5431,-927,0,3783
5432,-1763,-857,3783
5433,-2427,-1629,3783
5434,-2853,-2242,3784
5435,-3000,-2636,3784
5436,-2853,-2772,3784
5437,-2427,-2636,3784
5438,-1763,-2243,3784
5439,-927,-1629,3785
5440,0,-857,3785
5441,927,0,3785
5442,1763,856,3785
5443,2427,1629,3785
5444,2853,2242,3786
5445,3000,2637,3786
5446,2853,2772,3786
5447,2427,2637,3786
5448,1763,2243,3786
5449,927,1629,3787
5450,0,857,3787
5451,-927,0,3787
5452,-1763,-858,3787
5453,-2427,-1631,3787
5454,-2853,-2244,3788
5455,-3000,-2639,3788
5456,-2853,-2775,3788
5457,-2427,-2639,3788
5458,-1763,-2245,3788
5459,-927,-1631,3789
5460,0,-858,3789
5461,927,0,3789
5462,1763,857,3789
5463,2427,1630,3789
5464,2853,2245,3790
5465,3000,2639,3790
5466,2853,2775,3790
5467,2427,2639,3790
5468,1763,2245,3790
5469,927,1631,3791
5470,0,857,3791
5471,-927,0,3791
5472,-1763,-858,3791
5473,-2427,-1632,3791
5474,-2853,-2247,3792
5475,-3000,-2642,3792
5476,-2853,-2778,3792
5477,-2427,-2642,3792
5478,-1763,-2247,3792
5479,-927,-1633,3793
5480,0,-859,3793
5481,927,0,3793
5482,1763,858,3793
5483,2427,1632,3793
5484,2853,2247,3794
5485,3000,2642,3794
5486,2853,2778,3794
5487,2427,2642,3794
5488,1763,2248,3794
5489,927,1633,3795
5490,0,858,3795
5491,-927,0,3795
5492,-1763,-859,3795
5493,-2427,-1634,3795
5494,-2853,-2249,3796
5495,-3000,-2645,3796
5496,-2853,-2781,3796
5497,-2427,-2645,3796
5498,-1763,-2250,3796
5499,-927,-1634,3797
5500,0,-860,3797
5501,927,0,3797
5502,1763,859,3797
5503,2427,1634,3797
5504,2853,2249,3798
5505,3000,2645,3798
5506,2853,2781,3798
5507,2427,2645,3798
5508,1763,2250,3798
5509,927,1634,3799
5510,0,859,3799
5511,-927,0,3799
5512,-1763,-860,3799
5513,-2427,-1636,3799
5514,-2853,-2252,3800
5515,-3000,-2647,3800
5516,-2853,-2784,3800
5517,-2427,-2647,3800
5518,-1763,-2252,3800
5519,-927,-1636,3801
5520,0,-861,3801
5521,927,0,3801
5522,1763,860,3801
5523,2427,1636,3801
5524,2853,2252,3802
5525,3000,2648,3802
5526,2853,2784,3802
5527,2427,2648,3802
5528,1763,2252,3802
5529,927,1636,3803
5530,0,860,3803
5531,-927,0,3803
5532,-1763,-861,3803
5533,-2427,-1637,3803
5534,-2853,-2254,3804
5535,-3000,-2650,3804
5536,-2853,-2787,3804
5537,-2427,-2650,3804
5538,-1763,-2254,3804
5539,-927,-1638,3805
5540,0,-862,3805
5541,927,0,3805
5542,1763,861,3805
5543,2427,1637,3805
5544,2853,2254,3806
5545,3000,2651,3806
5546,2853,2787,3806
5547,2427,2651,3806
5548,1763,2255,3806
5549,927,1638,3807
5550,0,861,3807
5551,-927,0,3807
5552,-1763,-862,3807
5553,-2427,-1639,3807
5554,-2853,-2256,3808
5555,-3000,-2653,3808
5556,-2853,-2790,3808
5557,-2427,-2653,3808
5558,-1763,-2257,3808
5559,-927,-1640,3809
5560,0,-863,3809
5561,927,0,3809
5562,1763,862,3809
5563,2427,1639,3809
5564,2853,2256,3810
5565,3000,2653,3810
5566,2853,2790,3810
5567,2427,2653,3810
5568,1763,2257,3810
5569,927,1639,3811
5570,0,862,3811
5571,-927,0,3811
5572,-1763,-863,3811
5573,-2427,-1641,3811
5574,-2853,-2259,3812
5575,-3000,-2656,3812
5576,-2853,-2792,3812
5577,-2427,-2656,3812
5578,-1763,-2259,3812
5579,-927,-1641,3813
5580,0,-863,3813
5581,927,0,3813
5582,1763,862,3813
5583,2427,1641,3813
5584,2853,2259,3814
5585,3000,2656,3814
5586,2853,2793,3814
5587,2427,2656,3814
5588,1763,2259,3814
5589,927,1641,3815
5590,0,863,3815
5591,-927,0,3815
5592,-1763,-864,3815
5593,-2427,-1643,3815
5594,-2853,-2261,3816
5595,-3000,-2658,3816
5596,-2853,-2795,3816
5597,-2427,-2658,3816
5598,-1763,-2262,3816
5599,-927,-1643,3817
5600,0,-864,3817
5601,927,0,3817
5602,1763,863,3817
5603,2427,1642,3817
5604,2853,2261,3818
5605,3000,2659,3818
5606,2853,2796,3818
5607,2427,2659,3818
5608,1763,2262,3818
5609,927,1643,3819
5610,0,864,3819
5611,-927,0,3819
5612,-1763,-865,3819
5613,-2427,-1644,3819
5614,-2853,-2263,3820
5615,-3000,-2661,3820
5616,-2853,-2798,3820
5617,-2427,-2661,3820
5618,-1763,-2264,3820
5619,-927,-1645,3821
5620,0,-865,3821
5621,927,0,3821
5622,1763,864,3821
5623,2427,1644,3821
5624,2853,2264,3822
5625,3000,2662,3822
5626,2853,2799,3822
5627,2427,2662,3822
5628,1763,2264,3822
5629,927,1645,3823
5630,0,865,3823
5631,-927,0,3823
5632,-1763,-866,3823
5633,-2427,-1646,3823
5634,-2853,-2266,3824
5635,-3000,-2664,3824
5636,-2853,-2801,3824
5637,-2427,-2664,3824
5638,-1763,-2266,3824
5639,-927,-1646,3825
5640,0,-866,3825
5641,927,0,3825
5642,1763,865,3825
5643,2427,1646,3825
5644,2853,2266,3826
5645,3000,2664,3826
5646,2853,2802,3826
5647,2427,2664,3826
5648,1763,2267,3826
5649,927,1646,3827
5650,0,866,3827
5651,-927,0,3827
5652,-1763,-867,3827
5653,-2427,-1648,3827
5654,-2853,-2268,3828
5655,-3000,-2667,3828
5656,-2853,-2804,3828
5657,-2427,-2667,3828
5658,-1763,-2269,3828
5659,-927,-1648,3829
5660,0,-867,3829
5661,927,0,3829
5662,1763,866,3829
5663,2427,1648,3829
5664,2853,2268,3830
5665,3000,2667,3830
5666,2853,2805,3830
5667,2427,2667,3830
5668,1763,2269,3830
5669,927,1648,3831
5670,0,867,3831
5671,-927,0,3831
5672,-1763,-868,3831
5673,-2427,-1649,3831
5674,-2853,-2270,3832
5675,-3000,-2670,3832
5676,-2853,-2807,3832
5677,-2427,-2670,3832
5678,-1763,-2271,3832
5679,-927,-1650,3833
5680,0,-868,3833
5681,927,0,3833
5682,1763,867,3833
5683,2427,1649,3833
5684,2853,2271,3834
5685,3000,2670,3834
5686,2853,2808,3834
5687,2427,2670,3834
5688,1763,2271,3834
5689,927,1650,3835
5690,0,867,3835
5691,-927,0,3835
5692,-1763,-868,3835
5693,-2427,-1651,3835
5694,-2853,-2273,3836
5695,-3000,-2672,3836
5696,-2853,-2810,3836
5697,-2427,-2672,3836
5698,-1763,-2273,3836
5699,-927,-1652,3837
5700,0,-869,3837
5701,927,0,3837
5702,1763,868,3837
5703,2427,1651,3837
5704,2853,2273,3838
5705,3000,2673,3838
5706,2853,2811,3838
5707,2427,2673,3838
5708,1763,2274,3838
5709,927,1651,3839
5710,0,868,3839
5711,-927,0,3839
5712,-1763,-869,3839
5713,-2427,-1653,3839
5714,-2853,-2275,3840
5715,-3000,-2675,3840
5716,-2853,-2813,3840
5717,-2427,-2675,3840
5718,-1763,-2276,3840
5719,-927,-1653,3841
5720,0,-870,3841
5721,927,0,3841
5722,1763,869,3841
5723,2427,1653,3841
5724,2853,2275,3842
5725,3000,2676,3842
5726,2853,2813,3842
5727,2427,2676,3842
5728,1763,2276,3842
5729,927,1653,3843
5730,0,869,3843
5731,-927,0,3843
5732,-1763,-870,3843
5733,-2427,-1655,3843
5734,-2853,-2278,3844
5735,-3000,-2678,3844
5736,-2853,-2816,3844
5737,-2427,-2678,3844
5738,-1763,-2278,3844
5739,-927,-1655,3845
5740,0,-871,3845
5741,927,0,3845
5742,1763,870,3845
5743,2427,1654,3845
5744,2853,2278,3846
5745,3000,2678,3846
5746,2853,2816,3846
5747,2427,2678,3846
5748,1763,2278,3846
5749,927,1655,3847
5750,0,870,3847
5751,-927,0,3847
5752,-1763,-871,3847
5753,-2427,-1656,3847
5754,-2853,-2280,3848
5755,-3000,-2681,3848
5756,-2853,-2819,3848
5757,-2427,-2681,3848
5758,-1763,-2281,3848
5759,-927,-1657,3849
5760,0,-872,3849
5761,927,0,3849
5762,1763,871,3849
5763,2427,1656,3849
5764,2853,2280,3850
5765,3000,2681,3850
5766,2853,2819,3850
5767,2427,2681,3850
5768,1763,2281,3850
5769,927,1657,3851
5770,0,871,3851
5771,-927,0,3851
5772,-1763,-872,3851
5773,-2427,-1658,3851
5774,-2853,-2282,3852
5775,-3000,-2684,3852
5776,-2853,-2822,3852
5777,-2427,-2684,3852
5778,-1763,-2283,3852
5779,-927,-1658,3853
5780,0,-873,3853
5781,927,0,3853
5782,1763,872,3853
5783,2427,1658,3853
5784,2853,2283,3854
5785,3000,2684,3854
5786,2853,2822,3854
5787,2427,2684,3854
5788,1763,2283,3854
5789,927,1658,3855
5790,0,872,3855
5791,-927,0,3855
5792,-1763,-873,3855
5793,-2427,-1660,3855
5794,-2853,-2285,3856
5795,-3000,-2686,3856
5796,-2853,-2825,3856
5797,-2427,-2686,3856
5798,-1763,-2285,3856
5799,-927,-1660,3857
5800,0,-873,3857
5801,927,0,3857
5802,1763,872,3857
5803,2427,1660,3857
5804,2853,2285,3858
5805,3000,2687,3858
5806,2853,2825,3858
5807,2427,2687,3858
5808,1763,2285,3858
5809,927,1660,3859
5810,0,873,3859
5811,-927,0,3859
5812,-1763,-874,3859
5813,-2427,-1661,3859
5814,-2853,-2287,3860
5815,-3000,-2689,3860
5816,-2853,-2828,3860
5817,-2427,-2689,3860
5818,-1763,-2288,3860
5819,-927,-1662,3861
5820,0,-874,3861
5821,927,0,3861
5822,1763,873,3861
5823,2427,1661,3861
5824,2853,2287,3862
5825,3000,2690,3862
5826,2853,2828,3862
5827,2427,2690,3862
5828,1763,2288,3862
5829,927,1662,3863
5830,0,874,3863
5831,-927,0,3863
5832,-1763,-875,3863
5833,-2427,-1663,3863
5834,-2853,-2289,3864
5835,-3000,-2692,3864
5836,-2853,-2831,3864
5837,-2427,-2692,3864
5838,-1763,-2290,3864
5839,-927,-1664,3865
5840,0,-875,3865
5841,927,0,3865
5842,1763,874,3865
5843,2427,1663,3865
5844,2853,2290,3866
5845,3000,2692,3866
5846,2853,2831,3866
5847,2427,2692,3866
5848,1763,2290,3866
5849,927,1664,3867
5850,0,875,3867
5851,-927,0,3867
5852,-1763,-876,3867
5853,-2427,-1665,3867
5854,-2853,-2292,3868
5855,-3000,-2695,3868
5856,-2853,-2834,3868
5857,-2427,-2695,3868
5858,-1763,-2292,3868
5859,-927,-1665,3869
5860,0,-876,3869
5861,927,0,3869
5862,1763,875,3869
5863,2427,1665,3869
5864,2853,2292,3870
5865,3000,2695,3870
5866,2853,2834,3870
5867,2427,2695,3870
5868,1763,2293,3870
5869,927,1665,3871
5870,0,876,3871
5871,-927,0,3871
5872,-1763,-877,3871
5873,-2427,-1667,3871
5874,-2853,-2294,3872
5875,-3000,-2697,3872
5876,-2853,-2836,3872
5877,-2427,-2697,3872
5878,-1763,-2295,3872
5879,-927,-1667,3873
5880,0,-877,3873
5881,927,0,3873
5882,1763,876,3873
5883,2427,1667,3873
5884,2853,2294,3874
5885,3000,2698,3874
5886,2853,2837,3874
5887,2427,2698,3874
5888,1763,2295,3874
5889,927,1667,3875
5890,0,876,3875
5891,-927,0,3875
5892,-1763,-877,3875
5893,-2427,-1668,3875
5894,-2853,-2297,3876
5895,-3000,-2700,3876
5896,-2853,-2839,3876
5897,-2427,-2700,3876
5898,-1763,-2297,3876
5899,-927,-1669,3877
5900,0,-878,3877
5901,927,0,3877
5902,1763,877,3877
5903,2427,1668,3877
5904,2853,2297,3878
5905,3000,2701,3878
5906,2853,2840,3878
5907,2427,2701,3878
5908,1763,2297,3878
5909,927,1669,3879
5910,0,877,3879
5911,-927,0,3879
5912,-1763,-878,3879
5913,-2427,-1670,3879
5914,-2853,-2299,3880
5915,-3000,-2703,3880
5916,-2853,-2842,3880
5917,-2427,-2703,3880
5918,-1763,-2300,3880
5919,-927,-1671,3881
5920,0,-879,3881
5921,927,0,3881
5922,1763,878,3881
5923,2427,1670,3881
5924,2853,2299,3882
5925,3000,2703,3882
5926,2853,2843,3882
5927,2427,2703,3882
5928,1763,2300,3882
5929,927,1670,3883
5930,0,878,3883
5931,-927,0,3883
5932,-1763,-879,3883
5933,-2427,-1672,3883
5934,-2853,-2301,3884
5935,-3000,-2706,3884
5936,-2853,-2845,3884
5937,-2427,-2706,3884
5938,-1763,-2302,3884
5939,-927,-1672,3885
5940,0,-880,3885
5941,927,0,3885
5942,1763,879,3885
5943,2427,1672,3885
5944,2853,2301,3886
5945,3000,2706,3886
5946,2853,2846,3886
5947,2427,2706,3886
5948,1763,2302,3886
5949,927,1672,3887
5950,0,879,3887
5951,-927,0,3887
5952,-1763,-880,3887
5953,-2427,-1674,3887
5954,-2853,-2304,3888
5955,-3000,-2709,3888
5956,-2853,-2848,3888
5957,-2427,-2709,3888
5958,-1763,-2304,3888
5959,-927,-1674,3889
5960,0,-881,3889
5961,927,0,3889
5962,1763,880,3889
5963,2427,1673,3889
5964,2853,2304,3890
5965,3000,2709,3890
5966,2853,2849,3890
5967,2427,2709,3890
5968,1763,2304,3890
5969,927,1674,3891
5970,0,880,3891
5971,-927,0,3891
5972,-1763,-881,3891
5973,-2427,-1675,3891
5974,-2853,-2306,3892
5975,-3000,-2711,3892
5976,-2853,-2851,3892
5977,-2427,-2711,3892
5978,-1763,-2307,3892
5979,-927,-1676,3893
5980,0,-882,3893
5981,927,0,3893
5982,1763,881,3893
5983,2427,1675,3893
5984,2853,2306,3894
5985,3000,2712,3894
5986,2853,2852,3894
5987,2427,2712,3894
5988,1763,2307,3894
5989,927,1676,3895
5990,0,881,3895
5991,-927,0,3895
5992,-1763,-882,3895
5993,-2427,-1677,3895
5994,-2853,-2308,3896
5995,-3000,-2714,3896
5996,-2853,-2854,3896
5997,-2427,-2714,3896
5998,-1763,-2309,3896
5999,-927,-1677,3897
